id,sequence,structure,label
hsa-mir-208a,UGACGGGCGAGCUUUUGGCCCGGGUUAUACCUGAUGCUCACGUAUAAGACGAGCAAAAAGCUUGUUGGUCA,((((.(((((((((((.((.((..((((((.(((...))).))))))..)).)).))))))))))).)))),Exosome
hsa-mir-187,GGUCGGGCUCACCAUGACACAGUGUGAGACCUCGGGCUACAACACAGGACCCGGGCGCUGCUCUGACCCCUCGUGUCUUGUGUUGCAGCCGGAGGGACGCAGGUCCGCA,.(.((((((.............((((...((((.((((.(((((((((((.((((.((......).).)).)).))))))))))).)))).))))..))))))))))).,Nucleus
hsa-mir-211,UCACCUGGCCAUGUGACUUGUGGGCUUCCCUUUGUCAUCCUUCGCCUAGGGCUCUGAGCAGGGCAGGGACAGCAAAGGGGUGCUCAGUUGUCACUUCCCACAGCACGGAG,.....(((....(((((...(((((.(((((((((..(((((.((((...(((...))).)))))))))..))))))))).)))))...)))))...)))..........,Exosome
hsa-mir-214,GGCCUGGCUGGACAGAGUUGUCAUGUGUCUGCCUGUCUACACUUGCUGUGCAGAACAUCCGCUCACCUGUACAGCAGGCACAGACAGGCAGUCACAUGACAACCCAGCCU,.....((((((.....(((((((((((.((((((((((...((((((((((((.............))))))))))))...)))))))))).))))))))))))))))).,Exosome
hsa-mir-133a-2,GGGAGCCAAAUGCUUUGCUAGAGCUGGUAAAAUGGAACCAAAUCGACUGUCCAAUGGAUUUGGUCCCCUUCAACCAGCUGUAGCUGUGCAUUGAUGGCGCCG,.((.(((((((((...((((.(((((((..((.((.((((((((.(........).)))))))).)).))..))))))).))))...)))))..)))).)).,Nucleus
hsa-mir-145,CACCUUGUCCUCACGGUCCAGUUUUCCCAGGAAUCCCUUAGAUGCUAAGAUGGGGAUUCCUGGAAAUACUGUUCUUGAGGUCAUGGUU,.(((.((.(((((.((..((((.((.((((((((((((.............)))))))))))).)).))))..))))))).)).))).,Nucleus
hsa-mir-153-1,CUCACAGCUGCCAGUGUCAUUUUUGUGAUCUGCAGCUAGUAUUCUCACUCCAGUUGCAUAGUCACAAAAGUGAUCAUUGGCAGGUGUGGC,.(((((.((((((((((((((((((((((.((((((((((......)))..)))))))..))))))))))))).))))))))).))))).,Nucleus
hsa-mir-129-2,UGCCCUUCGCGAAUCUUUUUGCGGUCUGGGCUUGCUGUACAUAACUCAAUAGCCGGAAGCCCUUACCCCAAAAAGCAUUUGCGGAGGGCG,.((((((((((((((((((((.(((..(((((((((((..........)))))...))))))..))).))))))).))))))))))))).,Nucleus
hsa-mir-134,CAGGGUGUGUGACUGGUUGACCAGAGGGGCAUGCACUGUGUUCACCCUGUGGGCCACCUAGUCACCAACCCUC,.(((((..((((((((.((.(((.((((....(((...)))...)))).)))..)).))))))))..))))).,Microvesicle
hsa-mir-150,CUCCCCAUGGCCCUGUCUCCCAACCCUUGUACCAGUGCUGGGCUCAGACCCUGGUACAGGCCUGGGGGACAGGGACCUGGGGAC,.((((((.((((((((((((((..((.((((((((.((((....))).).))))))))))..)))))))))))).)))))))).,Microvesicle
hsa-mir-184,CCAGUCACGUCCCCUUAUCACUUUUCCAGCCCAGCUUUGUGACUGUAAGUGUUGGACGGAGAACUGAUAAGGGUAGGUGAUUGA,.(((((((.(.(((((((((.((((((.(.(((((((((......)))).))))).))))))).))))))))).).))))))).,Nucleus
hsa-mir-34b,GUGCUCGGUUUGUAGGCAGUGUCAUUAGCUGAUUGUACUGUGGUGGUUACAAUCACUAACUCCACUGCCAUCAAAACAAGGCAC,(((((..((((...(((((((...((((.((((((((((.....))).)))))))))))...)))))))....))))..))))),Exosome
hsa-mir-296,AGGACCCUUCCAGAGGGCCCCCCCUCAAUCCUGUUGUGCCUAAUUCAGAGGGUUGGGUGGAGGCUCUCCUGAAGGGCUCU,.(((((((((..(((((((.((.(((((((((.(((.........)))))))))))).)).)))))))..)))))).))),Nucleus
hsa-mir-363,UGUUGUCGGGUGGAUCACGAUGCAAUUUUGAUGAGUAUCAUAGGAGAAAAAUUGCACGGUAUCCAUCUGUAAACC,.(((..(((((((((..((.(((((((((..................)))))))))))..)))))))))..))).,Nucleus
hsa-mir-302b,GCUCCCUUCAACUUUAACAUGGAAGUGCUUUCUGUGACUUUAAAAGUAAGUGCUUCCAUGUUUUAGUAGGAGU,.....((((.(((..(((((((((((((((.((...........)).)))))))))))))))..))).)))).,Microvesicle
hsa-mir-369,UUGAAGGGAGAUCGACCGUGUUAUAUUCGCUUUAUUGACUUCGAAUAAUACAUGGUUGAUCUUUUCUCAG,.(((.((((((((((((((((..((((((............))))))..)))))))))))))))).))).,Nucleus
hsa-mir-370,AGACAGAGAAGCCAGGUCACGUCUCUGCAGUUACACAGCUCACGAGUGCCUGCUGGGGUGGAACCUGGUCUGUCU,((((((....(((((((..((((((.((((...(((.........))).)))).))))))..))))))))))))),Microvesicle
hsa-mir-371a,GUGGCACUCAAACUGUGGGGGCACUUUCUGCUCUCUGGUGAAAGUGCCGCCAUCUUUUGAGUGUUAC,((((((((((((..((((.(((((((((.(((....)))))))))))).))))..)))))))))))),Nucleus
hsa-mir-372,GUGGGCCUCAAAUGUGGAGCACUAUUCUGAUGUCCAAGUGGAAAGUGCUGCGACAUUUGAGCGUCAC,...((((((((((((.(((((((.((((..(.....)..)))))))))).).))))))))).)))..,Nucleus
hsa-mir-382,UACUUGAAGAGAAGUUGUUCGUGGUGGAUUCGCUUUACUUAUGACGAAUCAUUCACGGACAACACUUUUUUCAGUA,(((.((((((((.(((((((((((..(((((((.........).))))))..)))))))))))..))))))))))),Nucleus
hsa-mir-383,CUCCUCAGAUCAGAAGGUGAUUGUGGCUUUGGGUGGAUAUUAAUCAGCCACAGCACUGCCUGGUCAGAAAGAG,(((.((.((((((..((((.((((((((...(((........)))))))))))))))..)))))).))..))),Nucleus
hsa-mir-337,GUAGUCAGUAGUUGGGGGGUGGGAACGGCUUCAUACAGGAGUUGAUGCACAGUUAUCCAGCUCCUAUAUGAUGCCUUUCUUCAUCCCCUUCAA,.............((((((((((((.(((.(((((.(((((((((((......)))).))))))).))))).))).)))).))))))))....,Exosome
hsa-mir-326,CUCAUCUGUCUGUUGGGCUGGAGGCAGGGCCUUUGUGAAGGCGGGUGGUGCUCAGAUCGCCUCUGGGCCCUUCCUCCAGCCCCGAGGCGGAUUCA,...((((((((...((((((((((.(((((((......((((((.((.....))..))))))..))))))).))))))))))..))))))))...,Nucleus
hsa-mir-346,GGUCUCUGUGUUGGGCGUCUGUCUGCCCGCAUGCCUGCCUCUCUGUUGCUCUGAAGGAGGCAGGGGCUGGGCCUGCAGCUGCCUGGGCAGAGCGG,.(.((((((..((((((.((((..((((((...((((((((.((..........)))))))))).)).))))..)))).)))))).)))))))..,Nucleus
hsa-mir-449a,CUGUGUGUGAUGAGCUGGCAGUGUAUUGUUAGCUGGUUGAAUAUGUGAAUGGCAUCGGCUAACAUGCAACUGCUGUCUUAUUGCAUAUACA,.(((((((((((((.((((((((((.((((((((((.((..(((....))).)))))))))))))))).)))))).)))))))))))))..,Nucleus
hsa-mir-431,UCCUGCUUGUCCUGCGAGGUGUCUUGCAGGCCGUCAUGCAGGCCACACUGACGGUAACGUUGCAGGUCGUCUUGCAGGGCUUCUCGCAAGACGACAUCCUCAUCACCAACGACG,...((.(((((.(((((((.((((((((((.((.(.((((((((........)))....))))).).)).)))))))))).))))))).)))))))..................,Exosome
hsa-mir-409,UGGUACUCGGGGAGAGGUUACCCGAGCAACUUUGCAUCUGGACGACGAAUGUUGCUCGGUGAACCCCUUUUCGGUAUCA,((((((.(((((((.((((..((((((((((((((........).)))).)))))))))..)))).))))))))))))),Nucleus
hsa-mir-410,GGUACCUGAGAAGAGGUUGUCUGUGAUGAGUUCGCUUUUAUUAAUGACGAAUAUAACACAGAUGGCCUGUUUUCAGUACC,((((.(((((((.((((((((((((.((.((((((..........).))))).)).)))))))))))).))))))))))),Microvesicle
hsa-mir-483,GAGGGGGAAGACGGGAGGAAAGAAGGGAGUGGUUCCAUCACGCCUCCUCACUCCUCUCCUCCCGUCUUCUCCUCUC,(((((((((((((((((((.((.((.(((.(((........)))..))).)).)).)))))))))))))))).))),Exosome
hsa-mir-485,ACUUGGAGAGAGGCUGGCCGUGAUGAAUUCGAUUCAUCAAAGCGAGUCAUACACGGCUCUCCUCUCUUUUAGU,(((.(((((((((..((((((((((.(((((...........)))))))).)))))))..))))))))).))),Exosome
hsa-mir-491,UUGACUUAGCUGGGUAGUGGGGAACCCUUCCAUGAGGAGUAGAACACUCCUUAUGCAAGAUUCCCUUCUACCUGGCUGGGUUGG,..(((((((((((((((.((((((..(((.((((((((((.....)))))))))).))).)))))).)))))))))))))))..,Nucleus
hsa-mir-492,CAACUACAGCCACUACUACAGGACCAUCGAGGACCUGCGGGACAAGAUUCUUGGUGCCACCAUUGAGAACGCCAGGAUUGUCCUGCAGAUCAACAAUGCUCAACUGGCUGCAGAUG,...((.((((((.........((.(((.(..((.(((((((((((...((((((((.............))))))))))))))))))).))..).))).))...)))))).))...,Nucleus
hsa-mir-493,CUGGCCUCCAGGGCUUUGUACAUGGUAGGCUUUCAUUCAUUCGUUUGCACAUUCGGUGAAGGUCUACUGUGUGCCAGGCCCUGUGCCAG,(((((...((((((((.((((((((((((((((((((.....((....))....)))))))))))))))))))).)))))))).))))),Nucleus
hsa-mir-432,UGACUCCUCCAGGUCUUGGAGUAGGUCAUUGGGUGGAUCCUCUAUUUCCUUACGUGGGCCACUGGAUGGCUCCUCCAUGUCUUGGAGUAGAUCA,(((((.(((((((.(.(((((..(((((((.(((((.(((.(((......)).).)))))))).))))))).))))).).))))))).)).))),Exosome
hsa-mir-494,GAUACUCGAAGGAGAGGUUGUCCGUGUUGUCUUCUCUUUAUUUAUGAUGAAACAUACACGGGAAACCUCUUUUUUAGUAUC,((((((.((((((((((((.((((((((((.(((((.........)).)))))).))))))).)))))))))))))))))),Exosome
hsa-mir-495,UGGUACCUGAAAAGAAGUUGCCCAUGUUAUUUUCGCUUUAUAUGUGACGAAACAAACAUGGUGCACUUCUUUUUCGGUAUCA,(((((((.(((((((((.((((((((((..((((((.........).)))))..))))))).)))))))))))).))))))),Nucleus
hsa-mir-496,CCCAAGUCAGGUACUCGAAUGGAGGUUGUCCAUGGUGUGUUCAUUUUAUUUAUGAUGAGUAUUACAUGGCCAAUCUCCUUUCGGUACUCAAUUCUUCUUGGG,((((((...(((((.((((.((((((((.(((((..(((((((((........)))))))))..))))).)))))))).)))))))))........)))))),Nucleus
hsa-mir-512-2,GGUACUUCUCAGUCUGUGGCACUCAGCCUUGAGGGCACUUUCUGGUGCCAGAAUGAAAGUGCUGUCAUAGCUGAGGUCCAAUGACUGAGGCGAGCACC,(((.((((((((((..(((..((((((..(((.(((((((((............))))))))).)))..))))))..)))..)))))))..))).))),Exosome
hsa-mir-498,AACCCUCCUUGGGAAGUGAAGCUCAGGCUGUGAUUUCAAGCCAGGGGGCGUUUUUCUAUAACUGGAUGAAAAGCACCUCCAGAGCUUGAAGCUCACAGUUUGAGAGCAAUCGUCUAAGGAAGUU,.....((((((((........(((((((((((((((((((((.(((((.(((((((...........))))))).))))).).)))))))).))))))))))))........))))))))....,Exosome
hsa-mir-518c,GCGAGAAGAUCUCAUGCUGUGACUCUCUGGAGGGAAGCACUUUCUGUUGUCUGAAAGAAAACAAAGCGCUUCUCUUUAGAGUGUUACGGUUUGAGAAAAGC,.........(((((.((((((((.((((((((((((((.(((..((((.(((...))).))))))).)))))))))))))).)))))))).))))).....,Nucleus
hsa-mir-506,GCCACCACCAUCAGCCAUACUAUGUGUAGUGCCUUAUUCAGGAAGGUGUUACUUAAUAGAUUAAUAUUUGUAAGGCACCCUUCUGAGUAGAGUAAUGUGCAACAUGGACAACAUUUGUGGUGGC,((((((((...........(((((((((.(((.((((((((((.(((((..(((.((((((....)))))))))))))).)))))))))).)))...)))).))))).........)))))))),Nucleus
hsa-mir-508,CCACCUUCAGCUGAGUGUAGUGCCCUACUCCAGAGGGCGUCACUCAUGUAAACUAAAACAUGAUUGUAGCCUUUUGGAGUAGAGUAAUACACAUCACGUAACGCAUAUUUGGUGG,(((((....((((((((((.(((.((((((((((((((..((.((((((........)))))).))..)))))))))))))).))).))))).)))......))......))))),Nucleus
hsa-mir-514a-1,AACAUGUUGUCUGUGGUACCCUACUCUGGAGAGUGACAAUCAUGUAUAAUUAAAUUUGAUUGACACUUCUGUGAGUAGAGUAACGCAUGACACGUACG,...(((.((((((((.(((.((((((((((.((((.((((((.((........)).)))))).)))))))).)))))).))).)))).)))))))...,Nucleus
hsa-mir-376a-2,GGUAUUUAAAAGGUAGAUUUUCCUUCUAUGGUUACGUGUUUGAUGGUUAAUCAUAGAGGAAAAUCCACGUUUUCAGUAUC,((((((.((((.((.((((((((.(((((((((((((.....)))..)))))))))))))))))).)).)))).)))))),Exosome
hsa-mir-555,GGAGUGAACUCAGAUGUGGAGCACUACCUUUGUGAGCAGUGUGACCCAAGGCCUGUGGACAGGGUAAGCUGAACCUCUGAUAAAACUCUGAUCUAU,(((((....(((((.((..(((..((((.((((..((((.((........))))))..)))))))).)))..)).)))))....))))).......,Nucleus
hsa-mir-556,GAUAGUAAUAAGAAAGAUGAGCUCAUUGUAAUAUGAGCUUCAUUUAUACAUUUCAUAUUACCAUUAGCUCAUCUUUUUUAUUACUACCUUCAACA,..(((((((((((((((((((((.((.((((((((((..............)))))))))).)).))))))))))))))))))))).........,Nucleus
hsa-mir-564,CGGGCAGCGGGUGCCAGGCACGGUGUCAGCAGGCAACAUGGCCGAGAGGCCGGGGCCUCCGGGCGGCGCCGUGUCCGCGACCGCGUACCCUGAC,.(((..((((..((..(((((((((((.((((((....(((((....)))))..))))....))))))))))))).))..))))...)))....,Nucleus
hsa-mir-570,CUAGAUAAGUUAUUAGGUGGGUGCAAAGGUAAUUGCAGUUUUUCCCAUUAUUUUAAUUGCGAAAACAGCAAUUACCUUUGCACCAACCUGAUGGAGU,.........(((((((((.(((((((((((((((((.((((((.(.((((...)))).).)))))).))))))))))))))))).)))))))))...,Nucleus
hsa-mir-573,UUUAGCGGUUUCUCCCUGAAGUGAUGUGUAACUGAUCAGGAUCUACUCAUGUCGUCUUUGGUAAAGUUAUGUCGCUUGUCAGGGUGAGGAGAGUUUUUG,...(((..((((.((((((((((((..((((((.((((((((..((....)).))))).)))..))))))))))))..)))))).))))...)))....,Nucleus
hsa-mir-577,UGGGGGAGUGAAGAGUAGAUAAAAUAUUGGUACCUGAUGAAUCUGAGGCCAGGUUUCAAUACUUUAUCUGCUCUUCAUUUCCCCAUAUCUACUUAC,(((((((((((((((((((((((.((((((.(((((.............))))).)))))).)))))))))))))))))))))))...........,Nucleus
hsa-mir-579,CAUAUUAGGUUAAUGCAAAAGUAAUCGCGGUUUGUGCCAGAUGACGAUUUGAAUUAAUAAAUUCAUUUGGUAUAAACCGCGAUUAUUUUUGCAUCAAC,........(((.((((((((((((((((((((((((((((((((..(((((......))))))))))))))))))))))))))))))))))))).))),Nucleus
hsa-mir-548a-1,UGCAGGGAGGUAUUAAGUUGGUGCAAAAGUAAUUGUGAUUUUUGCCAUUAAAAGUAACGACAAAACUGGCAAUUACUUUUGCACCAAACCUGGUAUU,........(((((((.((((((((((((((((((((.(.(((((.(.(((....))).).))))).).))))))))))))))))))).).))))))),Nucleus
hsa-mir-550a-1,UGAUGCUUUGCUGGCUGGUGCAGUGCCUGAGGGAGUAAGAGCCCUGUUGUUGUAAGAUAGUGUCUUACUCCCUCAGGCACAUCUCCAACAAGUCUCU,.((.((.(((.(((..(((...((((((((((((((((((.(.(((((.......))))).)))))))))))))))))))))).))).))))).)).,Exosome
hsa-mir-592,UAUUAUGCCAUGACAUUGUGUCAAUAUGCGAUGAUGUGUUGUGAUGGCACAGCGUCAUCACGUGGUGACGCAACAUCAUGACGUAAGACGUCACAAC,..(((((.(((((..((((((((.((((.((((((((..(((....)))..)))))))).)))).))))))))..))))).)))))...........,Nucleus
hsa-mir-548a-3,CCUAGAAUGUUAUUAGGUCGGUGCAAAAGUAAUUGCGAGUUUUACCAUUACUUUCAAUGGCAAAACUGGCAAUUACUUUUGCACCAACGUAAUACUU,..........(((((.((.(((((((((((((((((.((((((.(((((......))))).)))))).))))))))))))))))).)).)))))...,Nucleus
hsa-mir-601,UGCAUGAGUUCGUCUUGGUCUAGGAUUGUUGGAGGAGUCAGAAAAACUACCCCAGGGAUCCUGAAGUCCUUUGGGUGGA,....(((.(((.(((.((((...))))...))).))))))......((((((.((((((......)))))).)))))).,Exosome
hsa-mir-603,GAUUGAUGCUGUUGGUUUGGUGCAAAAGUAAUUGCAGUGCUUCCCAUUUAAAAGUAAUGGCACACACUGCAAUUACUUUUGCUCCAACUUAAUACUU,.........((((((.((((.((((((((((((((((((....(((((.......)))))....)))))))))))))))))).)))).))))))...,Exosome
hsa-mir-605,GCCCUAGCUUGGUUCUAAAUCCCAUGGUGCCUUCUCCUUGGGAAAAACAGAGAAGGCACUAUGAGAUUUAGAAUCAAGUUAGG,..(((((((((((((((((((.((((((((((((((..((.......)))))))))))))))).))))))))))))))))))),Exosome
hsa-mir-610,UCUAUUUGUCUUAGGUGAGCUAAAUGUGUGCUGGGACACAUUUGAGCCAAAUGUCCCAGCACACAUUUAGCUCACAUAAGAAAAAUGGACUCUAGU,(((((((.(((((.((((((((((((((((((((((((..((((...)))))))))))))))))))))))))))).))))).))))))).......,Nucleus
hsa-mir-611,AAAAUGGUGAGAGCGUUGAGGGGAGUUCCAGACGGAGAUGCGAGGACCCCUCGGGGUCUGACCCACA,.....(((.(((.(.((((((((..(((((........)).)))..)))))))).)))).)))....,Nucleus
hsa-mir-612,UCCCAUCUGGACCCUGCUGGGCAGGGCUUCUGAGCUCCUUAGCACUAGCAGGAGGGGCUCCAGGGGCCCUCCCUCCAUGGCAGCCAGGACAGGACUCUCA,(((..(((((...((((((((.((((((((((((((((((.((....))..))))))))).)))))))))))).....))))))))))...)))......,Nucleus
hsa-mir-613,GGUGAGUGCGUUUCCAAGUGUGAAGGGACCCUUCCUGUAGUGUCUUAUAUACAAUACAGUAGGAAUGUUCCUUCUUUGCCACUCAUACACCUUUA,.(((((((.((..........(((((((((((..(((((.(((.......))).))))).)))...))))))))...))))))))).........,Exosome
hsa-mir-614,UCUAAGAAACGCAGUGGUCUCUGAAGCCUGCAGGGGCAGGCCAGCCCUGCACUGAACGCCUGUUCUUGCCAGGUGGCAGAAGGUUGCUGC,..........(((((((((((((..(((((((((((((((((((.......)))...)))))))))))).))))..)))).))))))))),Exosome
hsa-mir-616,UUAGGUAAUUCCUCCACUCAAAACCCUUCAGUGACUUCCAUGACAUGAAAUAGGAAGUCAUUGGAGGGUUUGAGCAGAGGAAUGACCUGUUUUAAAA,.(((((.(((((((..(((.(((((((((((((((((((((........)).))))))))))))))))))))))..))))))).)))))........,Nucleus
hsa-mir-620,AUAUAUAUCUAUAUCUAGCUCCGUAUAUAUAUAUAUAUAUAUAUAGAUAUCUCCAUAUAUAUGGAGAUAGAUAUAGAAAUAAAACAAGCAAAGAA,...(((.((((((((((.((((((((((((....((((........))))....)))))))))))).)))))))))).)))..............,Exosome
hsa-mir-627,UACUUAUUACUGGUAGUGAGUCUCUAAGAAAAGAGGAGGUGGUUGUUUUCCUCCUCUUUUCUUUGAGACUCACUACCAAUAAUAAGAAAUACUACUA,..(((((((.((((((((((((((.((((((((((((((.((....)).)))))))))))))).)))))))))))))).)))))))...........,Nucleus
hsa-mir-631,GUGGGGAGCCUGGUUAGACCUGGCCCAGACCUCAGCUACACAAGCUGAUGGACUGAGUCAGGGGCCACACUCUCC,..((((((..(((((...((((((.(((.((((((((.....)))))).)).))).)))))))))))..)))))),Exosome
hsa-mir-632,CGCCUCCUACCGCAGUGCUUGACGGGAGGCGGAGCGGGGAACGAGGCCGUCGGCCAUUUUGUGUCUGCUUCCUGUGGGACGUGGUGGUAGCCGU,((.((.(((((((.((.((..((((((((((((.((.((((...((((...)))).)))).)))))))))))))))).))))))))).)).)).,Nucleus
hsa-mir-636,UGGCGGCCUGGGCGGGAGCGCGCGGGCGGGGCCGGCCCCGCUGCCUGGAAUUAACCCCGCUGUGCUUGCUCGUCCCGCCCGCAGCCCUAGGCGGCGUCG,..((.(((((((.....((..(((((((((((.(((..(((.((..((......))..)).)))...))).))))))))))).))))))))).))....,Nucleus
hsa-mir-639,UGGCCGACGGGGCGCGCGCGGCCUGGAGGGGCGGGGCGGACGCAGAGCCGCGUUUAGUCUAUCGCUGCGGUUGCGAGCGCUGUAGGGAGCCUGUGCUG,.((((...(.(((((.(((((((.(.((.((..((((.(((((......)))))..)))).)).)).)))))))).))))).)...).))).......,Nucleus
hsa-mir-641,UGGGUGAAAGGAAGGAAAGACAUAGGAUAGAGUCACCUCUGUCCUCUGUCCUCUACCUAUAGAGGUGACUGUCCUAUGUCUUUCCUUCCUCUUACCCCU,.((((((.((((((((((((((((((((..((((((((((((.....(....).....)))))))))))))))))))))))))))))))).))))))..,Nucleus
hsa-mir-646,GAUCAGGAGUCUGCCAGUGGAGUCAGCACACCUGCUUUUCACCUGUGAUCCCAGGAGAGGAAGCAGCUGCCUCUGAGGCCUCAGGCUCAGUGGC,..(((.(((((((((..(((((.((((.....((((((((.((((......)))).))).))))))))).))))).)))...))))))..))).,Exosome
hsa-mir-647,AGGAAGUGUUGGCCUGUGGCUGCACUCACUUCCUUCAGCCCCAGGAAGCCUUGGUCGGGGGCAGGAGGGAGGGUCAGGCAGGGCUGGGGGCCUGAC,..........(((((.(((((((.((..((((((((.(((((..((........)).)))))..))))))))...)))))..)))).)))))....,Exosome
hsa-mir-650,CAGUGCUGGGGUCUCAGGAGGCAGCGCUCUCAGGACGUCACCACCAUGGCCUGGGCUCUGCUCCUCCUCACCCUCCUCACUCAGGGCACAGGUGAU,..((((((((((...((((((.((((..((((((.(((.......))).))))))...)))))))))).)))))..........))))).......,Nucleus
hsa-mir-662,GCUGUUGAGGCUGCGCAGCCAGGCCCUGACGGUGGGGUGGCUGCGGGCCUUCUGAAGGUCUCCCACGUUGUGGCCCAGCAGCGCAGUCACGUUGC,(((((((.(((((((((((((..(((.......))).)))))))(((((((...)))))))........)))))))))))))((((.....)))),Nucleus
hsa-mir-449b,UGACCUGAAUCAGGUAGGCAGUGUAUUGUUAGCUGGCUGCUUGGGUCAAGUCAGCAGCCACAACUACCCUGCCACUUGCUUCUGGAUAAAUUCUUCU,...((.(((.(((((.(((((.(((..(((.(.(((((((.(((......))))))))))))))))).)))))))))).))).))............,Nucleus
hsa-mir-653,UUCAUUCCUUCAGUGUUGAAACAAUCUCUACUGAACCAGCUUCAAACAAGUUCACUGGAGUUUGUUUCAAUAUUGCAAGAAUGAUAAGAUGGAAGC,.((((((...((((((((((((((.(((((.(((((.............))))).))))).))))))))))))))...))))))............,Nucleus
hsa-mir-654,GGGUAAGUGGAAAGAUGGUGGGCCGCAGAACAUGUGCUGAGUUCGUGCCAUAUGUCUGCUGACCAUCACCUUUAGAAGCCC,((((......((((.((((((...((((.((((((((.........)).))))))))))...)))))).))))....)))),Exosome
hsa-mir-549a,AGACAUGCAACUCAAGAAUAUAUUGAGAGCUCAUCCAUAGUUGUCACUGUCUCAAAUCAGUGACAACUAUGGAUGAGCUCUUAAUAUAUCCCAGGC,.................((((((((((((((((((((((((((((((((........)))))))))))))))))))))))))))))))).......,Nucleus
hsa-mir-542,CAGAUCUCAGACAUCUCGGGGAUCAUCAUGUCACGAGAUACCAGUGUGCACUUGUGACAGAUUGAUAACUGAAAGGUCUGGGAGCCACUCAUCUUCA,....((((((((...((((..((((...(((((((((.(((....)))..)))))))))...))))..))))...))))))))..............,Nucleus
hsa-mir-758,GCCUGGAUACAUGAGAUGGUUGACCAGAGAGCACACGCUUUAUUUGUGCCGUUUGUGACCUGGUCCACUAACCCUCAGUAUCUAAUGC,...(((((((.((((.((((.((((((...(((.((((.........)).)).)))...)))))).))))...)))))))))))....,Exosome
hsa-mir-1468,GGUGGGUGGUUUCUCCGUUUGCCUGUUUCGCUGAUGUGCAUUCAACUCAUUCUCAGCAAAAUAAGCAAAUGGAAAAUUCGUCCAUC,(((((((((.((.(((((((((.(((((.(((((.(((.........)))..))))).))))).))))))))).)).))))))))),Nucleus
hsa-mir-1323,ACUGAGGUCCUCAAAACUGAGGGGCAUUUUCUGUGGUUUGAAAGGAAAGUGCACCCAGUUUUGGGGAUGUCAA,..(((.(((((((((((((.((.(((((((((...........))))))))).))))))))))))))).))).,Exosome
hsa-mir-454,UCUGUUUAUCACCAGAUCCUAGAACCCUAUCAAUAUUGUCUCUGCUGUGUAAAUAGUUCUGAGUAGUGCAAUAUUGCUUAUAGGGUUUUGGUGUUUGGAAAGAACAAUGGGCAGG,.(((((((((.((((((.((((((((((((((((((((((((.(((((....)))))...)))....)))))))))...)))))))))))).))))))...))....))))))).,Nucleus
hsa-mir-761,GGAGGAGCAGCAGGGUGAAACUGACACAGUUCUGGUGAGUUUCACUUUGCUGCUCCUCC,((((((((((((((((((((((.((.((....)))).)))))))))))))))))))))),Nucleus
hsa-mir-770,AGGAGCCACCUUCCGAGCCUCCAGUACCACGUGUCAGGGCCACAUGAGCUGGGCCUCGUGGGCCUGAUGUGGUGCUGGGGCCUCAGGGGUCUGCUCUU,.(((((.(((((..(((.((((((((((((..((((.((((.((((((......)))))))))))))))))))))))))).))).)))))..))))).,Exosome
hsa-mir-891a,CCUUAAUCCUUGCAACGAACCUGAGCCACUGAUUCAGUAAAAUACUCAGUGGCACAUGUUUGUUGUGAGGGUCAAAAGA,.(((.(((((((((((((((.((.((((((((....(((...))))))))))).)).)))))))))))))))...))).,Nucleus
hsa-mir-888,GGCAGUGCUCUACUCAAAAAGCUGUCAGUCACUUAGAUUACAUGUGACUGACACCUCUUUGGGUGAAGGAAGGCUCA,(((..(.((.((((((((.((.((((((((((...........)))))))))).)).)))))))).)).)..)))..,Nucleus
hsa-mir-190b,UGCUUCUGUGUGAUAUGUUUGAUAUUGGGUUGUUUAAUUAGGAACCAACUAAAUGUCAAACAUAUUCUUACAGCAGCAG,((((.(((((.(((((((((((((((.((((((((......)))).)))).)))))))))))))))..))))).)))).,Nucleus
hsa-mir-665,UCUCCUCGAGGGGUCUCUGCCUCUACCCAGGACUCUUUCAUGACCAGGAGGCUGAGGCCCCUCACAGGCGGC,.(.(((.((((((((((.((((((...((.((.....)).))....)))))).))))))))))..))).)..,Exosome
hsa-mir-216b,GCAGACUGGAAAAUCUCUGCAGGCAAAUGUGAUGUCACUGAGGAAAUCACACACUUACCCGUAGAGAUUCUACAGUCUGACA,.(((((((...(((((((((.((.((.((((((.((......)).))))))...)).)).)))))))))...)))))))...,Nucleus
hsa-mir-920,GUAGUUGUUCUACAGAAGACCUGGAUGUGUAGGAGCUAAGACACACUCCAGGGGAGCUGUGGAAGCAGUAACACG,((..(((((((((((....(((((((((((..........))))).))))))....)))))))).)))..))...,Exosome
hsa-mir-933,ACUUGGGUCAGUUCAGAGGUCCUCGGGGCGCGCGUCGAGUCAGCCGUGUGCGCAGGGAGACCUCUCCCACCCACAGU,((((((((......((((((((((.(.(((((((.(......).))))))).).))).)))))))...))))).))),Nucleus
hsa-mir-936,UCAAGGCCACUGGGACAGUAGAGGGAGGAAUCGCAGAAAUCACUCCAGGAGCAACUGAGAGACCUUGCUUCUACUUUACCAGGUCCUGCUGGCCCAGA,....(((((.((((((((((((((((((..((.(((...((.......))....))).))..)))).)))))))).......)))))).)))))....,Exosome
hsa-mir-943,GGGACGUUCUGAGCUCGGGGUGGGGGACGUUUGCCGGUCACUGCUGCUGGCGCCCUGACUGUUGCCGUCCUCCAGCCCCACUCAAAGGCAUCCC,((((.(((.((((...(((((((((((((...((((((((.((((...))))...))))))..))))))))))).)))).))))..))).)))),Nucleus
hsa-mir-297,UGUAUGUAUGUGUGCAUGUGCAUGUAUGUGUAUAUACAUAUAUAUGUAUUAUGUACUCAUAUAUCA,((.(((((((.((((((((((((((((((((....)))))))))))))).)))))).))))))))),Exosome
hsa-mir-1184-1,CUUGCAGAACGAGGUGAAGGAGGUGGUUCUGCUCAGCAGUCAACAGUGGCCACAUCUCCACCUGCAGCGACUUGAUGGCUUCCGUGUCCUUUUCGUGGG,(((((.(((.((((....((((((.(((.((((..((((......((((........))))))))))))....))).))))))....)))))))))))),Exosome
hsa-mir-1237,GUGGGAGGGCCCAGGCGCGGGCAGGGGUGGGGGUGGCAGAGCGCUGUCCCGGGGGCGGGGCCGAAGCGCGGCGACCGUAACUCCUUCUGCUCCGUCCCCCAG,.((((.((((...((.(((((.((((((.(.(((.((...(((((((((((....))))))...))))).)).))).).))))))))))).)))))))))).,Nucleus
hsa-mir-1202,CCUGCUGCAGAGGUGCCAGCUGCAGUGGGGGAGGCACUGCCAGGGCUGCCCACUCUGCUUAGCCAGCAGGUGCCAAGAACAGG,((((((((((((..(.(((((((((((.......))))))...))))).)..))))))......)))))).............,Exosome
hsa-mir-1206,CAGUGUUCAUGUAGAUGUUUAAGCUCUUGCAGUAGGUUUUUGCAAGCUAGUGAACGCUG,((((((((((.(((...........(((((((.......)))))))))))))))))))),Nucleus
hsa-mir-1286,UGUCCUCUGGGGACUCAGCUUGCUCUGGCUGCUGGAUUGAAUUAGCUGCAGGACCAAGAUGAGCCCUUGGUGGAGACA,(.(((.((((((.((((.((((.(((.((.((((........)))).)).))).)))).)))).)))))).))).)..,Nucleus
hsa-mir-1289-2,CCACGGUCCUAGUUAAAAAGGCACAUUCCUAGACCCUGCCUCAGAACUACUGAACAGAGUCACUGGGUGUGGAGUCCAGGAAUCUGCAUUUUUACCCCUAUCGCCCCCGCC,....(((..(((.((((((.(((.((((((.(((.(((((((((.(((.((....)))))..))))).)))).))).)))))).))).))))))...)))..)))......,Nucleus
hsa-mir-1294,CACCUAAUGUGUGCCAAGAUCUGUUCAUUUAUGAUCUCACCGAGUCCUGUGAGGUUGGCAUUGUUGUCUGGCAUUGUCUGAUAUACAACAGUGCCAACCUCACAGGACUCAGUGAGGUGAAACUGAGGAUUAGGAAGGUGUA,(((((........((..(((((..(((.((.(.(((((((.((((((((((((((((((((((((((....((.....))....)))))))))))))))))))))))))).))))))).))).)))))))).)).)))))..,Nucleus
hsa-mir-548f-4,GAGUUCUAACGUAUUAGGUUGGUGCAAAAGUAAUAGUGGUUUUUGCCAUUAAAAGUAAUGACAAAAACUGUAAUUACUUUUGGAACAAUAUUAAUAGAAUUUCAG,((((((((.....(((.((((.(.((((((((((...((((((((.(((((....))))).))))))))...)))))))))).).))))..)))))))))))...,Nucleus
hsa-mir-1247,CCGCUUGCCUCGCCCAGCGCAGCCCCGGCCGCUGGGCGCACCCGUCCCGUUCGUCCCCGGACGUUGCUCUCUACCCCGGGAACGUCGAGACUGGAGCGCCCGAACUGAGCCACCUUCGCGGACCCCGAGAGCGGCG,.(((.(((((((.....(((......(((((.(((((((.((.(((.((..(((.(((((..((........)).))))).))).)).))).)).)))))))...)).)))......))).....)))).)))))),Nucleus
hsa-mir-1251,GUGGACUCUAGCUGCCAAAGGCGCUUCUCCUUCUGAACAGAGCGCUUUGCUCAGCCAGUGUAGACAUGGC,((..((.((.((((...(((((((((.((.....))...)))))))))...)))).)).))..)).....,Nucleus
hsa-mir-1260a,ACCUUUCCAGCUCAUCCCACCUCUGCCACCAAAACACUCAUCGCGGGGUCAGAGGGAGUGCCAAAAAAGGUAA,((((((...((.(.((((...((((((.((..............)))).))))))))).))....))))))..,Nucleus
hsa-mir-1267,CUCCCAAAUCUCCUGUUGAAGUGUAAUCCCCACCUCCAGCAUUGGGGAUUACAUUUCAACAUGAGAUUUGGAUGAGGA,((((((((((((.(((((((((((((((((((..........))))))))))))))))))).)))))))))..)))..,Nucleus
hsa-mir-1276,CCCCAGCUAGGUAAAGAGCCCUGUGGAGACACCUGGAUUCAGAGAACAUGUCUCCACUGAGCACUUGGGCCUUGAUGGCGGCU,(((((...((((.(((.((.(.(((((((((((((....))).)....))))))))).).)).)))..))))...))).))..,Nucleus
hsa-mir-302f,UCUGUGUAAACCUGGCAAUUUUCACUUAAUUGCUUCCAUGUUUAUAAAAGA,(((.(((((((..(((((((.......))))))).....)))))))..))),Exosome
hsa-mir-1281,AGGGGGCACCGGGAGGAGGUGAGUGUCUCUUGUCGCCUCCUCCUCUCCCCCCUU,((((((....((((((((((((..........))))))))))))...)))))).,Exosome
hsa-mir-1284,AUUUUGAUAUAUAAGCCAGUUUAAUGUUUUCUAUACAGACCCUGGCUUUUCUUAAAUUUUAUAUAUUGGAAAGCCCAUGUUUGUAUUGGAAACUGCUGGUUUCUUUCAUACUGAAAAUCU,............((((((((.....((((((.((((((((...((((((((................))))))))...)))))))).)))))).)))))))).(((((...)))))....,Exosome
hsa-mir-1252,AGAAAGAAGGAAAUUGAAUUCAUUUAGAAAAGAGAAUUCCAAAUGAGCUUAAUUUCCUUUUUUCU,(((((((((((((((((.(((((((.(((.......))).))))))).))))))))))))))))),Nucleus
hsa-mir-1537,ACAGCUGUAAUUAGUCAGUUUUCUGUCCUGUCCACACAGAAAACCGUCUAGUUACAGUUGU,((((((((((((((.(.(((((((((.........))))))))).).)))))))))))))),Nucleus
hsa-mir-1538,GGGAACAGCAGCAACAUGGGCCUCGCUUCCUGCCGGCGCGGCCCGGGCUGCUGCUGUUCCU,(((((((((((((...((((((.((((.......)))).))))))...))))))))))))),Nucleus
hsa-mir-1825,AGAGACUGGGGUGCUGGGCUCCCCUAGACUAGGACUCCAGUGCCCUCCUCUCC,.((((..(((((((((((.(((.........))).)))))))))))..)))).,Nucleus
hsa-mir-1827,UCAGCAGCACAGCCUUCAGCCUAAAGCAAUGAGAAGCCUCUGAAAGGCUGAGGCAGUAGAUUGAAU,((((....((.(((.(((((((....((..(((....)))))..)))))))))).))...))))..,Nucleus
hsa-mir-1909,CAUCCAGGACAAUGGUGAGUGCCGGUGCCUGCCCUGGGGCCGUCCCUGCGCAGGGGCCGGGUGCUCACCGCAUCUGCCCC,....((((....((((((((((((((.(((((.(.(((.....))).).))))).))))).)))))))))..))))....,Nucleus
hsa-mir-1914,CGUGUGAGCCCGCCCUGUGCCCGGCCCACUUCUGCUUCCUCUUAGCGCAGGAGGGGUCCCGCACUGGGAGGGGCCCUCAC,.(((.(.((((.(((.((((..(((((.(((((((...........))))))))))))..)))).)))..)))).).))),Nucleus
hsa-mir-1915,UGAGAGGCCGCACCUUGCCUUGCUGCCCGGGCCGUGCACCCGUGGGCCCCAGGGCGACGCGGCGGGGGCGGCCCUAGCGA,..((.((((((.(((((((.((.((((((((((..((....)).)))))..))))).)).))))))))))))))).....,Nucleus
hsa-mir-1973,UAUGUUCAACGGCCAUGGUAUCCUGACCGUGCAAAGGUAGCAUA,(((((((....(.((((((......)))))))....).)))))),Nucleus
hsa-mir-2110,CAGGGGUUUGGGGAAACGGCCGCUGAGUGAGGCGUCGGCUGUGUUUCUCACCGCGGUCUUUUCCUCCCACUCUUG,(((((((..(((((((.((((((((((.((.(((.....))).)).))))..)))))).)))))))..))))))),Nucleus
hsa-mir-548q,AUAUUAGGCUGGUGCAAAAGUAAUGGCGGUUUUUGCCAUUACUUUUCAUUUUUACCAUUAAAAGUAAUGGCAAAAAGCAUGAUUACUUUUUCACCAACCU,.....(((.(((((.(((((((((.(.(.(((((((((((((((((.((.......)).))))))))))))))))).).).))))))))).))))).))),Nucleus
hsa-mir-2278,GUGCUGCAGGUGUUGGAGAGCAGUGUGUGUUGCCUGGGGACUGUGUGGACUGGUAUCACCCAGACAGCUUGCACUGACUCCAGACCCUGCCGUCAU,((((.(((((.(((((((..((((((..((((.(((((((((((....)).))..)).))))).))))..)))))).)))))).)))))).).))),Nucleus
hsa-mir-3117,CCCUAAAGGGCCAGACACUAUACGAGUCAUAUAAGGGAAGGCAUUAUAGGACUCAUAUAGUGCCAGGUGUUUUGUGGG,((((((((.(((.(.(((((((.(((((.(((((.(.....).))))).))))).))))))).).))).))))).))),Nucleus
hsa-mir-3121,AAAUGGUUAUGUCCUUUGCCUAUUCUAUUUAAGACACCCUGUACCUUAAAUAGAGUAGGCAAAGGACAGAAACAUUU,(((((....(((((((((((((((((((((((((((...)))..))))))))))))))))))))))))....))))),Nucleus
hsa-mir-3122,ACCAGCUCUGUUGGGACAAGAGGACGGUCUUCUUUUGGAAGGAAGACCAUCAUCUUGUCCGAAGAGAGCUGGU,(((((((((.((.((((((((.((.((((((((((...)))))))))).)).)))))))).)).))))))))),Nucleus
hsa-mir-3126,AUGAUUAUAUGAGGGACAGAUGCCAGAAGCACUGGUUAUGAUUUGCAUCUGGCAUCCGUCACACAGAUAAUUAU,((((((((.((...(((.(((((((((.(((............))).))))))))).)))...)).)))))))),Nucleus
hsa-mir-3127,GGCCAGGCCCAUCAGGGCUUGUGGAAUGGGAAGGAGAAGGGACGCUUCCCCUUCUGCAGGCCUGCUGGGUGUGGCU,(((((.(((((...((((((((((((.((((((...........)))))).))))))))))))..))))).))))),Nucleus
hsa-mir-3128,UUCCUCUGGCAAGUAAAAAACUCUCAUUUUCCUUAAAAAAUGAGAGUUUUUUACUUGCAAUAGGAA,.((((...((((((((((((((((((((((......))))))))))))))))))))))...)))).,Nucleus
hsa-mir-3131,GAGUCGAGGACUGGUGGAAGGGCCUUUCCCCUCAGACCAAGGCCCUGGCCCCAGCUUCUUCUC,(((..((((.((((.((.((((((((((......))..))))))))..))))))))))..))),Nucleus
hsa-mir-3134,UGUAUCCAAUGUGUAGUCUUUUAUCCCUCACAUGGAGUAAAAUAUGAUGGAUAAAAGACUACAUAUUGGGUACA,((((((((((((((((((((((((((.(((.((........)).))).)))))))))))))))))))))))))),Nucleus
hsa-mir-466,GUGUGUGUAUAUGUGUGUUGCAUGUGUGUAUAUGUGUGUAUAUAUGUACACAUACACAUACACGCAACACACAUAUAUACAUGC,(((((((((((((((((((((.(((((((...(((((((((....))))))))).))))))).))))))))))))))))))))),Nucleus
hsa-mir-3136,AAUAUGAAACUGACUGAAUAGGUAGGGUCAUUUUUCUGUGACUGCACAUGGCCCAACCUAUUCAGUUAGUUCCAUAUU,((((((.((((((((((((((((.((((((......((((....)))))))))).)))))))))))))))).)))))),Nucleus
hsa-mir-3138,CCCUCCUCGGCACUUCCCCCACCUCACUGCCCGGGUGCCCACAAGACUGUGGACAGUGAGGUAGAGGGAGUGCCGAGGAGGG,(((((((((((((((((.(.((((((((((((((............))).)).))))))))).).))))))))))))))))),Nucleus
hsa-mir-3140,CCUCUUGAGGUACCUGAAUUACCAAAAGCUUUAUGUAUUCUGAAGUUAUUGAAAAUAAGAGCUUUUGGGAAUUCAGGUAGUUCAGGAGUG,.((((((((.(((((((((..(((((((((((.(((.(((..........))).))))))))))))))..))))))))).))))))))..,Nucleus
hsa-mir-3144,AACUACACUUUAAGGGGACCAAAGAGAUAUAUAGAUAUCAGCUACCUAUAUACCUGUUCGGUCUCUUUAAAGUGUAGUU,((((((((((((((((((((.((.((.(((((((...........))))))).)).)).)))))))))))))))))))),Nucleus
hsa-mir-3145,UAUAUGAGUUCAACUCCAAACACUCAAAACUCAUUGUUGAAUGGAAUGAGAUAUUUUGAGUGUUUGGAAUUGAACUCGUAUA,(((((((((((((.(((((((((((((((((((((.(.....).))))))...))))))))))))))).))))))))))))),Nucleus
hsa-mir-3149,AUACAUACAUGUACACACACAUGUCAUCCACACACAUACAUAUAUAUAUGUUUGUAUGGAUAUGUGUGUGUAUGUGUGUGUAU,(((((((((((((((((((((((((....(((.(((((........))))).)))...))))))))))))))))))))))))),Nucleus
hsa-mir-3074,GCUCGACUCCUGUUCCUGCUGAACUGAGCCAGUGUGUAAAAUGAGAACUGAUAUCAGCUCAGUAGGCACCGGAGGGCGGGU,(((((.((((.((.((((((((.((((..((((.............))))...)))).)))))))).)).))))..))))),Nucleus
hsa-mir-3155a,UCCGGGCAUCACCUCCCACUGCAGAGCCUGGGGAGCCGGACAGCUCCCUUCCCAGGCUCUGCAGUGGGAACUGAUGCCUGGA,(((((((((((..((((((((((((((((((((((..(((....)))))))))))))))))))))))))..))))))))))),Nucleus
hsa-mir-3157,GGGAAGGGCUUCAGCCAGGCUAGUGCAGUCUGCUUUGUGCCAACACUGGGGUGAUGACUGCCCUAGUCUAGCUGAAGCUUUUCCC,(((((((((((((((.(((((((.((((((.((((((((....))).)))))...)))))).))))))).))))))))))))))),Nucleus
hsa-mir-3158-1,AUUCAGGCCGGUCCUGCAGAGAGGAAGCCCUUCUGCUUACAGGUAUUGGAAGGGCUUCCUCUCUGCAGGACCGGCCUGAAU,(((((((((((((((((((((((((((((((((((((....)))...)))))))))))))))))))))))))))))))))),Nucleus
hsa-mir-3159,CCAAAGUCCUAGGAUUACAAGUGUCGGCCACGGGCUGGGCACAGUGGCUCACGCCUGUAAUCCCAGCAUUUUGG,(((((((.((.((((((((.((((.((((((..((...))...)))))).)))).)))))))).)).))))))),Nucleus
hsa-mir-3160-1,GGACCUGCCCUGGGCUUUCUAGUCUCAGCUCUCCUCCAGCUCAGCUGGUCAGGAGAGCUGAGACUAGAAAGCCCAGGGCAGGUUC,((((((((((((((((((((((((((((((((((((((((...)))))..))))))))))))))))))))))))))))))))))),Exosome
hsa-mir-3161,CCUCGAGAGCUGAUAAGAACAGAGGCCCAGAUUGAAGUUGAAUAGUGCUGGGCCUUUGUUUUUACCAAGUUCCCUGG,((..(.((((((.(((((((((((((((((((((........)))).))))))))))))))))).)).)))))..)),Nucleus
hsa-mir-3162,CUGACUUUUUUAGGGAGUAGAAGGGUGGGGAGCAUGAACAAUGUUUCUCACUCCCUACCCCUCCACUCCCCAAAAAAGUCAG,(((((((((((.((((((.((.((((((((((...(((......)))...)))))))))).)).)))))).))))))))))),Nucleus
hsa-mir-3163,UUCCUCAUCUAUAAAAUGAGGGCAGUAAGACCUUCCUUCCUUGUCUUACUACCCCCAUUUUAUAGAUGAGGAA,.(((((((((((((((((.(((.((((((((...........)))))))).))).))))))))))))))))).,Nucleus
hsa-mir-3164,CUUGGAAACUGUGACUUUAAGGGAAAUGGCGCACAGCAGACCCUGCAAUCAUGCCGUUUUGCUUGAAGUCGCAGUUUCCCAGG,((.((((((((((((((((((.(((((((((....((((...)))).....))))))))).)))))))))))))))))).)).,Nucleus
hsa-mir-1260b,UCUCCGUUUAUCCCACCACUGCCACCAUUAUUGCUACUGUUCAGCAGGUGCUGCUGGUGGUGAUGGUGAUAGUCUGGUGGGGGCGGUGG,.(.((((...(((((((((((.((((((((((((.......((((((...)))))))))))))))))).))))..))))))))))).).,Nucleus
hsa-mir-3170,CUGGUAACACUGGGGUUCUGAGACAGACAGUGUUAGCUCCAGAAGCAUUGCCUGUCUUAGAACCCCUAUGUUACCAG,(((((((((..(((((((((((((((.(((((((.........))))))).)))))))))))))))..))))))))),Nucleus
hsa-mir-3174,GUUACCUGGUAGUGAGUUAGAGAUGCAGAGCCCUGGGCUCCUCAGCAAACCUACUGGAUCUGCAUUUUAAUUCACAUGCAUGGUAAU,((((((..((((((((((.((((((((((.((.((((............))))..)).))))))))))))))))).)))..)))))),Nucleus
hsa-mir-3175,CCUGGGGGGCGGGGAGAGAACGCAGUGACGUCUGGCCGCGUGCGCAUGUCGGGCGCUUUCUCCUCCCCCUACCCAGG,(((((((((.(((((((((.(((..((((((.((........)).)))))).))).))))))))).)))..)))))),Nucleus
hsa-mir-3176,UGGCCUCUCCAGUCUGCAGCUCCCGGCAGCCUCGGGCCACACUCCCGGGAUCCCCAGGGACUGGCCUGGGACUACCGGGGGUGGCGGCCG,.((((..........((.((((((((.((.(((((((((...(((((((...))).)))).))))))))).)).)))))))).)))))).,Nucleus
hsa-mir-3177,CCACGUGCCAUGUGUACACACGUGCCAGGCGCUGUCUUGAGACAUUCGCGCAGUGCACGGCACUGGGGACACGUGGCACUGG,(((.(((((((((((...((.(((((..(((((((..(((.....))).)))))))..)))))))...)))))))))))))),Nucleus
hsa-mir-3178,GAGGCUGGGCGGGGCGCGGCCGGAUCGGUCGAGAGCGUCCUGGCUGAUGACGGUCUCCCGUGCCCACGCCCCAAACGCAGUCUC,(((((((((((((((((((..(((((.((((..(((......)))..))))))))).)))))))).))))).......)))))),Nucleus
hsa-mir-3180-1,CAGUGCGACGGGCGGAGCUUCCAGACGCUCCGCCCCACGUCGCAUGCGCCCCGGGAAAGCGUGGGGCGGAGCUUCCGGAGGCCCCGCCCUGCUG,....(((..((((((.((((((.((.((((((((((((((....(.((...)).)...)))))))))))))).)).)))))).)))))))))..,Nucleus
hsa-mir-3181,CGGCGACCAUCGGGCCCUCGGCGCCGGCCCGUUAGUUGCCCGGGCCCGAGCCGGCCGGGCCCGCGGGUUGCCG,((((((((..((((((((((((.(.((((((.........)))))).).)))))..)))))))..)))))))),Nucleus
hsa-mir-3182,GCUGCUUCUGUAGUGUAGUCCGUGCAUCCGCCCUUCGAUGCUUGGGUUGGAUCAUAGAGCAGU,(((((.(((((.((.(((((((.(((((........))))).))))))).)).)))))))))),Nucleus
hsa-mir-3183,CUCUGCCCUGCCUCUCUCGGAGUCGCUCGGAGCAGUCACGUUGACGGAAUCCUCCGGCGCCUCCUCGAGGGAGGAGAGGCAGGG,(((((((((.((((((((((((.(((.(((((...((.((....))))...)))))))).))))..)))))))))).))))))),Nucleus
hsa-mir-3187,GCUGGCCCUGGGCAGCGUGUGGCUGAAGGUCACCAUGUUCUCCUUGGCCAUGGGGCUGCGCGGGGCCAGC,((((((((((.(((((.(((((((.((((............)))))))))))..))))).)))))))))),Nucleus
hsa-mir-3188,GGCGCCUCCUGCUCUGCUGUGCCGCCAGGGCCUCCCCUAGCGCGCCUUCUGGAGAGGCUUUGUGCGGAUACGGGGCUGGAGGCCU,...((((((.((((((.(((.(((((((((((((.((.((........)))).))))))))).))))))))))))).))))))..,Nucleus
hsa-mir-320e,CUCCAUGGGGCCUUCUCUUCCCAGUUCUUCCUGGAGUCGGGGAAAAGCUGGGUUGAGAAGGUGAAAAGAAAAA,.........((((((((..(((((((.(((((.(...).))))).)))))))..))))))))...........,Nucleus
hsa-mir-3190,CUGGGGUCACCUGUCUGGCCAGCUACGUCCCCACGGCCCUUGUCAGUGUGGAAGGUAGACGGCCAGAGAGGUGACCCCGG,((((((((((((.(((((((..((((.(((.((((((....))).))).)))..))))..))))))).)))))))))))),Nucleus
hsa-mir-3192,GGAAGGGAUUCUGGGAGGUUGUAGCAGUGGAAAAAGUUCUUUUCUUCCUCUGAUCGCCCUCUCAGCUCUUUCCUUCU,((((((((..((((((((.((...(((.((((.(((....))).)))).)))..)).))))))))....)))))))),Nucleus
hsa-mir-3193,UCCUGCGUAGGAUCUGAGGAGUGGACGAGUCUCAUUACCCAGCUCCUGAGCAGGA,((((((.(((((.(((.((((((((....)).)))).))))).))))).)))))),Nucleus
hsa-mir-3195,CCGCAGCCGCCGCGCCGGGCCCGGGUUGGCCGCUGACCCCCGCGGGGCCCCCGGCGGCCGGGGCGGGGGCGGGGGCUGCCCCGG,..((((((.((((.((.(.(((((....((((..(.((((...)))).)..))))..))))).).)).)))).)))))).....,Nucleus
hsa-mir-3197,GGCGAGGGGAGGCGCAGGCUCGGAAAGGCGCGCGAGGCUCCAGGCUCCUUCCCGAUCCACCGCUCUCCUCGCU,((((((((((.(((..((.((((.((((.((..(......)..)).)))).)))).))..))))))))))))),Nucleus
hsa-mir-3198-1,GACUGUGCUCUCACUGUUCACCCAGCACUAGCAGUACCAGACGGUUCUGUGGAGUCCUGGGGAAUGGAGAGAGCACAGUC,((((((((((((.((((((.(((((.(((.((((.(((....))).))))..))).))))))))))).)))))))))))),Nucleus
hsa-mir-3199-1,GGUGACUCCAGGGACUGCCUUAGGAGAAAGUUUCUGGAAGUUCUGACAUUCCAGAAACUUUCUCCUAAGGCAGUCCCUGGGAGUCACU,(((((((((((((((((((((((((((((((((((((((((....)).)))))))))))))))))))))))))))))))).))))))),Nucleus
hsa-mir-3200,GGUGGUCGAGGGAAUCUGAGAAGGCGCACAAGGUUUGUGUCCAAUACAGUCCACACCUUGCGCUACUCAGGUCUGCUCGUGCCCU,((.(((((((.(.(((((((..((((((..((((((((((...)))))).....)))))))))).))))))).).)))).))))),Nucleus
hsa-mir-378c,GGAGGCCAUCACUGGACUUGGAGUCAGAAGAGUGGAGUCGGGUCAGACUUCAACUCUGACUUUGAAGGUGGUGAGUGCCUC,.(((((..((((((...(((((((((((....(((((((......)))))))..)))))))))))...))))))..))))),Nucleus
hsa-mir-4301,ACCAGCCACCUCCCACUACUUCACUUGUGAACAUUGCAUUCGUGGAGGGUGGCAGGUGCAGCUCUG,...((((((((.(((((.((((((.(((((...)))))...))))))))))).)))))..)))...,Microvesicle
hsa-mir-4256,UGUUCCAUUUAUCUGACCUGAUGAAGGUCUCCUGGCAUUGAUUAGGUCUGAUGAUCCAUUUCUG,........(((((.((((((((.((.(((....))).)).)))))))).)))))..........,Microvesicle
hsa-mir-4326,GCUGCUCUGCUGUUCCUCUGUCUCCCAGACUCUGGGUGGAUGGAGCAGGUCGGGGGCCA,(((.((...(((((((...(((((((((...))))).)))))))))))...)).)))..,Nucleus
hsa-mir-4284,GUUCUGUGAGGGGCUCACAUCACCCCAUCAAAGUGGGGACUCAUGGGGAGAGGGGGUAGUUAGGAGCUUUGAUAGAGGCGG,(((((((..(((((((....((((((.((...((((....))))...))...))))).)....))))))).)))))).)..,Nucleus
hsa-mir-4286,UACUUAUGGCACCCCACUCCUGGUACCAUAGUCAUAAGUUAGGAGAUGUUAGAGCUGUGAGUACCAUGACUUAAGUGUGGUGGCUUAAACAUG,...(((.(.((((.(((((.((((((((((((..(((...........)))..)))))).)))))).)).....))).)))).).))).....,Nucleus
hsa-mir-4289,CCUUGGGAGGGCAUUGUGCAGGGCUAUCAGGCAGUUUCCUGGGCCCUGUCUGCAGAGCCUAAACAGAUCA,..(((...((((.((((((((((((..((((......))))))))))))..)))).))))...)))....,Nucleus
hsa-mir-3665,GCGGGCGGCGGCGGCGGCAGCAGCAGCAGGUGCGGGGCGGCGGCCGCGCUGGCCGCUCGACUCCGCAGCUGCUCGUUCUGCUUCUCCAGCUUGCGCACCAGCUCC,(((((((..(((((.(((((.((((((((.(((((((((((((((.....)))))).)).))))))).))))).))))))))...)).)))..))).)).))...,Exosome
hsa-mir-4443,GGUGGGGGUUGGAGGCGUGGGUUUUAGAACCUAUCCCUUUCUAGCCCUGAGCA,(.(.(((((((((((.(((((((....))))))).))..))))))))).).).,Microvesicle
hsa-mir-4449,AGCAGCCCUCGGCGGCCCGGGGGGCGGGCGGCGGUGCCCGUCCCGGGGCUGCGCGAGGCACAGGCG,.((...((((((((((((..((((((((((....)))))))))).))))))).))))).....)).,Exosome
hsa-mir-4454,CCGGAUCCGAGUCACGGCACCAAAUUUCAUGCGUGUCCGUGUGAAGAGACCACCA,..((.(((....((((((((((.......)).))).)))))....).))))....,Microvesicle
hsa-mir-4500,CAGGAGAGAAAGUACUGCCCAGAAGCUAAAGUGUAGAUCAAACGCAUAAUGGCUGAGGUAGUAGUUUCUUGAACUU,.((..((((((.(((((((....(((((..((((.........))))..)))))..))))))).))))))...)).,Microvesicle
hsa-mir-1269b,UGAGGUUUCUGGACUGAGCCAUGCUACUGGCUUCUCUGGUUCUCCAGCUUACAGAUGGCUUAUCAUGGGACCUCU,.((((((((..((.((((((((....(((......((((....))))....)))))))))))))..)))))))).,Microvesicle
hsa-mir-3960,GGCGCCCCGGCUCCCCGCGCCCCCGAUCGGGGCCGCCGCUAGUAGUGGCGGCGGCGGAGGCGGGGGCAGCGGCGGCGGCGGCGGAGGCGCC,(((((((((((((((((((((((((.((...((((((((((....))))))))))...))))))))).)))).)).)))..))).)))))),Exosome
hsa-mir-5100,CCAUGAGGAGCUGGCAGUGGGAUGGCCUGGGGGUAGGAGCGUGGCUUCUGGAGCUAGACCACAUGGGUUCAGAUCCCAGCGGUGCCUCUAACUGGCCACAGGACCUUGGGCAGUCAGCU,((....))(((((((.(((((.(((((((((((((...((.(((..((((((.(((.......))).))))))..)))))..))))))))...))))).....)))...)).))))))),Microvesicle
hsa-miR-323a-5p,AGGUGGUCCGUGGCGCGUUCGC,..(((........)))......,Exosome
hsa-miR-523-3p,GAACGCGCUUCCCUAUAGAGGGU,..........((((....)))).,Exosome
hsa-miR-517a-3p,UCUCAGGCAGUGACCCUCUAGAUGGAAGCACUGUCUGUUGUAUAAAAGAAAAGAUCGUGCAUCCCUUUAGAGUGUUACUGUUUGAGA,((((((((((((((.(((((((.(((.((((.((((...............)))).)))).))).))))))).)))))))))))))),Exosome
hsa-miR-563,AGGUUGACAUACGUUUCCC,.((..(((....))).)).,Microvesicle
hsa-miR-1185-1-3p,AUAUACAGGGGGAGACUCUUAU,......(((((....)))))..,Exosome
hsa-miR-889-5p,AAUGGCUGUCCGUAGUAUGGUC,.((((....)))).........,Exosome
hsa-miR-889-3p,UUAAUAUCGGACAACCAUUGU,........((....)).....,Exosome
hsa-miR-1299,UUCUGGAAUUCUGUGUGAGGGA,........((((......)))),Microvesicle
hsa-miR-1305,UUUUCAACUCUAAUGGGAGAGA,.......((((......)))).,Exosome
hsa-miR-1263,AUGGUACCCUGGCAUACUGAGU,..((((........))))....,Exosome
hsa-miR-3153,GACAAAUUUUAAAUGUCCCUGUCCCCUUUCCCCCCAAUUAAAGUAGAUUGGGGGAAAGCGAGUAGGGACAUUUAAAAUUUGUU,(((((((((((((((((((((.(.((((.(((((((((......))))))))).))).).)))))))))))))))))))))),Exosome
hsa-miR-323b-3p,CCCAAUACACGGUCGACCUCUU,..........((....))....,Exosome
hsa-miR-3185,AGAAGAAGGCGGUCGGUCUGCGG,........((((.....))))..,Microvesicle
hsa-miR-4467,UGGCGGCGGUAGUUAUGGGCUU,....(((...........))).,Exosome
hsa-miR-4657,AAUGUGGAAGUGGUCUGAGGCAU,.((((...((....))...)))),Exosome
hsa-miR-4785,AGAGUCGGCGACGCCGCCAGC,......((((....))))...,Exosome
hsa-miR-4799-5p,AUCUAAAUGCAGCAUGCCAGUC,........(((...))).....,Exosome
hsa-miR-5192,AGGAGAGUGGAUUCCAGGUGGU,.((((......)))).......,Exosome
hsa-miR-8084,CAGAUAAAUAGAAUACUAAGUAAAAAAUCAGUAUGGAUUAAAUUUAUAUUUUCCUCGAUACUGAGUAUUUUUUCUUAGGUUUAGUUUGG,....(((((.((((.(((((.(((((((((((((.((..(((.......)))..)).)))))))...))))))))))))))).))))).,Exosome
hsa-mir-19a,GCAGUCCUCUGUUAGUUUUGCAUAGUUGCACUACAAGAAGAAUGUAGUUGUGCAAAUCUAUGCAAAACUGAUGGUGGCCUGC,((((.((.(((((((((((((((((((((((((((.......))))))...))))..))))))))))))))))).)).)))),"Cytoplasm,Nucleus"
hsa-mir-33a,CUGUGGUGCAUUGUAGUUGCAUUGCAUGUUCUGGUGGUACCCAUGCAAUGUUUCCACAGUGCAUCACAG,((((((((((((((.(..((((((((((....(((...)))))))))))))..).)))))))))))))),"Cytoplasm,Nucleus"
hsa-mir-96,UGGCCGAUUUUGGCACUAGCACAUUUUUGCUUGUGUCUCUCCGCUCUGAGCAAUCAUGUGCAGUGCCAAUAUGGGAAA,...((.((.((((((((.((((((..(((((((((......)))...))))))..)))))))))))))).)).))...,"Cytoplasm,Nucleus"
hsa-mir-29b-1,CUUCAGGAAGCUGGUUUCAUAUGGUGGUUUAGAUUUAAAUAGUGAUUGUCUAGCACCAUUUGAAAUCAGUGUUCUUGGGGG,(((((((((((((((((((.((((((..((((((.............)))))))))))).)))))))))).))))))))).,"Cytoplasm,Nucleus"
hsa-mir-105-1,UGUGCAUCGUGGUCAAAUGCUCAGACUCCUGUGGUGGCUGCUCAUGCACCACGGAUGUUUGAGCAUGUGCUACGGUGUCUA,...(((((((((.((.((((((((((..(((((((.((.......)))))))))..)))))))))).)))))))))))...,"Cytoplasm,Nucleus"
hsa-mir-107,CUCUCUGCUUUCAGCUUCUUUACAGUGUUGCCUUGUGGCAUGGAGUUCAAGCAGCAUUGUACAGGGCUAUCAAAGCACAGA,.(((.((((((.(((.(((.((((((((((.((((.(((.....))))))))))))))))).))))))...)))))).))),"Cytoplasm,Nucleus"
hsa-mir-192,GCCGAGACCGAGUGCACAGGGCUCUGACCUAUGAAUUGACAGCCAGUGCUCUCGUCUCCCCUCUGGCUGCCAAUUCCAUAGGUCACAGGUAUGUUCGCCUCAAUGCCAGC,.........(((.(((((.(.((.((((((((((((((.(((((((................))))))).)))))).)))))))).)).).)))..))))).........,"Cytoplasm,Nucleus"
hsa-mir-139,GUGUAUUCUACAGUGCACGUGUCUCCAGUGUGGCUCGGAGGCUGGAGACGCGGCCCUGUUGGAGUAAC,...((((((((((.((.((((((((((((.(.......).)))))))))))))).)))).))))))..,"Cytoplasm,Nucleus"
hsa-mir-34a,GGCCAGCUGUGAGUGUUUCUUUGGCAGUGUCUUAGCUGGUUGUUGUGAGCAAUAGUAAGGAAGCAAUCAGCAAGUAUACUGCCCUAGAAGUGCUGCACGUUGUGGGGCCC,((((.(((((((((((((((..(((((((((((.((((((((((....((....)).....))))))))))))).))))))))..))))))))).))))..))..)))).,"Nucleus,Exosome"
hsa-mir-181c,CGGAAAAUUUGCCAAGGGUUUGGGGGAACAUUCAACCUGUCGGUGAGUUUGGGCAGCUCAGGCAAACCAUCGACCGUUGAGUGGACCCUGAGGCCUGGAAUUGCCAUCCU,.(((.......((..((((((.((((..((((((((..(((((((.(((((...........)))))))))))).))))))))..)))).))))))))........))).,"Cytoplasm,Nucleus"
hsa-mir-183,CCGCAGAGUGUGACUCCUGUUCUGUGUAUGGCACUGGUAGAAUUCACUGUGAACAGUCUCAGUCAGUGAAUUACCGAAGGGCCAUAAACAGAGCAGAGACAGAUCCACGA,.((..((.(.((.((.(((((((((.((((((..(((((..(((((((((((......)))..)))))))))))))....)))))).))))))))))).)).)))..)).,"Cytoplasm,Nucleus"
hsa-mir-199a-2,AGGAAGCUUCUGGAGAUCCUGCUCCGUCGCCCCAGUGUUCAGACUACCUGUUCAGGACAAUGCCGUUGUACAGUAGUCUGCACAUUGGUUAGACUGGGCAAGGGAGAGCA,.....((.(((.....((((((((.(((...(((((((.(((((((.((((.((((......))..)).))))))))))).)))))))...))).))))).)))))))).,"Cytoplasm,Nucleus"
hsa-mir-216a,GAUGGCUGUGAGUUGGCUUAAUCUCAGCUGGCAACUGUGAGAUGUUCAUACAAUCCCUCACAGUGGUCUCUGGGAUUAUGCUAAACAGAGCAAUUUCCUAGCCCUCACGA,((.(((((.((((((((.(((((((((..(((.((((((((.(((....)))....)))))))).))).))))))))).)))))..........))).))))).))....,"Cytoplasm,Nucleus"
hsa-mir-218-1,GUGAUAAUGUAGCGAGAUUUUCUGUUGUGCUUGAUCUAACCAUGUGGUUGCGAGGUAUGAGUAAAACAUGGUUCCGUCAAGCACCAUGGAACGUCACGCAGCUUUCUACA,((((....((.(((.(((.((((((.(((((((((..((((((((..((((.........)))).))))))))..))))))))).)))))).))).))).))..)).)).,"Nucleus,Exosome"
hsa-mir-224,GGGCUUUCAAGUCACUAGUGGUUCCGUUUAGUAGAUGAUUGUGCAUUGUUUCAAAAUGGUGCCCUAGUGACUACAAAGCCC,(((((((..(((((((((.(((.((((((.(.(((((((.....)))))))).)))))).))))))))))))..))))))),"Cytoplasm,Nucleus"
hsa-mir-122,CCUUAGCAGAGCUGUGGAGUGUGACAAUGGUGUUUGUGUCUAAACUAUCAAACGCCAUUAUCACACUAAAUAGCUACUGCUAGGC,.((((((((((((((..(((((((.(((((((((((............))))))))))).)))))))..)))))).)))))))).,"Cytoplasm,Nucleus"
hsa-mir-128-1,UGAGCUGUUGGAUUCGGGGCCGUAGCACUGUCUGAGAGGUUUACAUUUCUCACAGUGAACCGGUCUCUUUUUCAGCUGCUUC,.((((.((((((...(((((((...((((((..(((((((....)))))))))))))...)))))))...)))))).)))).,"Cytoplasm,Nucleus"
hsa-mir-132,CCGCCCCCGCGUCUCCAGGGCAACCGUGGCUUUCGAUUGUUACUGUGGGAACUGGAGGUAACAGUCUACAGCCAUGGUCGCCCCGCAGCACGCCCACGCGC,.(((....((((((.(.((((.(((((((((...((((((((((..(....)....))))))))))...))))))))).)))).).)).))))....))).,"Cytoplasm,Nucleus"
hsa-mir-135a-1,AGGCCUCGCUGUUCUCUAUGGCUUUUUAUUCCUAUGUGAUUCUACUGCUCACUCAUAUAGGGAUUGGAGCCGUGGCGCACGGCGGGGACA,...(((((((((.(.((((((((((..((((((((((((.............)))))))))))).)))))))))).).)))))))))...,"Nucleus,Exosome"
hsa-mir-135a-2,AGAUAAAUUCACUCUAGUGCUUUAUGGCUUUUUAUUCCUAUGUGAUAGUAAUAAAGUCUCAUGUAGGGAUGGAAGCCAUGAAAUACAUUGUGAAAAAUCA,.(((...(((((....(((.((((((((.((((((((((((((((.(.(.....).).)))))))))))))))))))))))).)))...)))))..))).,"Nucleus,Exosome"
hsa-mir-137,GGUCCUCUGACUCUCUUCGGUGACGGGUAUUCUUGGGUGGAUAAUACGGAUUACGUUGUUAUUGCUUAAGAAUACGCGUAGUCGAGGAGAGUACCAGCGGCA,.(.((.((((((((((((((..(((.((((((((((((.(((((((((.....))).)))))))))))))))))).)))..)))))))))))..))).))).,"Cytoplasm,Nucleus"
hsa-mir-138-2,CGUUGCUGCAGCUGGUGUUGUGAAUCAGGCCGACGAGCAGCGCAUCCUCUUACCCGGCUAUUUCACGACACCAGGGUUGCAUCA,.(.(((.((..(((((((((((((...(((((..(((.((......)))))...)))))..))))))))))))).)).))).).,"Nucleus,Exosome"
hsa-mir-141,CGGCCGGCCCUGGGUCCAUCUUCCAGUACAGUGUUGGAUGGUCUAAUUGUGAAGCUCCUAACACUGUCUGGUAAAGAUGGCUCCCGGGUGGGUUC,.((((.((((.(((.(((((((((((.(((((((((((...((.......))...))).))))))))))))..)))))))..))))))).)))).,"Cytoplasm,Nucleus"
hsa-mir-142,GACAGUGCAGUCACCCAUAAAGUAGAAAGCACUACUAACAGCACUGGAGGGUGUAGUGUUUCCUACUUUAUGGAUGAGUGUACUGUG,.((((((((.(((.(((((((((((.(((((((((...(..(....)..)..))))))))).))))))))))).))).)))))))).,"Nucleus,Exosome"
hsa-mir-143,GCGCAGCGCCCUGUCUCCCAGCCUGAGGUGCAGUGCUGCAUCUCUGGUCAGUUGGGAGUCUGAGAUGAAGCACUGUAGCUCAGGAAGAGAGAAGUUGUUCUGCAGC,((((((.((....((((.(..((((((.(((((((((.((((((.((((......)).)).)))))).))))))))).))))))..).))))....)).)))).)),"Nucleus,Exosome"
hsa-mir-144,UGGGGCCCUGGCUGGGAUAUCAUCAUAUACUGUAAGUUUGCGAUGAGACACUACAGUAUAGAUGAUGUACUAGUCCGGGCACCCCC,.(((((((.((((((.((((((((.(((((((((.((((......))))..))))))))))))))))).)))))).)))).)))..,"Nucleus,Exosome"
hsa-mir-9-1,CGGGGUUGGUUGUUAUCUUUGGUUAUCUAGCUGUAUGAGUGGUGUGGAGUCUUCAUAAAGCUAGAUAACCGAAAGUAAAAAUAACCCCA,.(((((((....((((.(((((((((((((((.((((((.(.(....).).)))))).))))))))))))))).))))...))))))).,"Nucleus,Exosome"
hsa-mir-9-3,GGAGGCCCGUUUCUCUCUUUGGUUAUCUAGCUGUAUGAGUGCCACAGAGCCGUCAUAAAGCUAGAUAACCGAAAGUAGAAAUGAUUCUCA,.((((..(((((((((.(((((((((((((((.(((((..((......))..))))).))))))))))))))))).)))))))..)))).,"Nucleus,Exosome"
hsa-mir-127,UGUGAUCACUGUCUCCAGCCUGCUGAAGCUCAGAGGGCUCUGAUUCAGAAAGAUCAUCGGAUCCGUCUGAGCUUGGCUGGUCGGAAGUCUCAUCAUC,.(((((.(((...(((.(((.(((.(((((((((.((.((((((((.....))..)))))).)).)))))))))))).))).))))))...))))).,"Nucleus,Exosome"
hsa-mir-136,UGAGCCCUCGGAGGACUCCAUUUGUUUUGAUGAUGGAUUCUUAUGCUCCAUCAUCGUCUCAAAUGAGUCUUCAGAGGGUUCU,.((((((((.(((((((.((((((...((((((((((.........))))))))))...))))))))))))).)))))))).,"Nucleus,Exosome"
hsa-mir-188,UGCUCCCUCUCUCACAUCCCUUGCAUGGUGGAGGGUGAGCUUUCUGAAAACCCCUCCCACAUGCAGGGUUUGCAGGAUGGCGAGCC,.((((((..(((..((..(((((((((..((((((....(.....).....))))))..)))))))))..))..))).)).)))).,"Cytoplasm,Nucleus"
hsa-mir-194-1,AUGGUGUUAUCAAGUGUAACAGCAACUCCAUGUGGACUGUGUACCAAUUUCCAGUGGAGAUGCUGUUACUUUUGAUGGUUACCAA,.(((((.(((((((.(((((((((.((((((.((((..((......)).)))))))))).))))))))).)))))))..))))).,"Cytoplasm,Nucleus"
hsa-mir-200c,CCCUCGUCUUACCCAGCAGUGUUUGGGUGCGGUUGGGAGUCUCUAAUACUGCCGGGUAAUGAUGGAGG,.(((((((((((((.((((((((.(((.((........))))).)))))))).)))))).)))).))),"Cytoplasm,Nucleus"
hsa-mir-1-1,UGGGAAACAUACUUCUUUAUAUGCCCAUAUGGACCUGCUAAGCUAUGGAAUGUAAAGAAGUAUGUAUCUCA,(((((.((((((((((((((((..((((((((.....)))...))))).)))))))))))))))).))))),"Cytoplasm,Nucleus"
hsa-mir-200a,CCGGGCCCCUGUGAGCAUCUUACCGGACAGUGCUGGAUUUCCCAGCUUGACUCUAACACUGUCUGGUAACGAUGUUCAAAGGUGACCCGC,.((((.((((.(((((((((((((((((((((((((.....)))))...........)))))))))))).)))))))).))).).)))).,"Cytoplasm,Nucleus"
hsa-mir-302a,CCACCACUUAAACGUGGAUGUACUUGCUUUGAAACUAAAGAAGUAAGUGCUUCCAUGUUUUGGUGAUGG,(((.((((.(((((((((.(((((((((((.........))))))))))).))))))))).)))).))),"Nucleus,Exosome"
hsa-mir-301a,ACUGCUAACGAAUGCUCUGACUUUAUUGCACUACUGUACUUUACAGCUAGCAGUGCAAUAGUAUUGUCAAAGCAUCUGAAAGCAGG,.(((((..((.(((((.((((.((((((((((.(((((...))))).....))))))))))....)))).))))).))..))))).,"Cytoplasm,Nucleus"
hsa-mir-99b,GGCACCCACCCGUAGAACCGACCUUGCGGGGCCUUCGCCGCACACAAGCUCGUGUCUGUGGGUCCGUGUC,(((((..(((((((((..(((.((((.(.(((....))).)...)))).)))..)))))))))..))))),"Cytoplasm,Nucleus"
hsa-mir-26a-2,GGCUGUGGCUGGAUUCAAGUAAUCCAGGAUAGGCUGUUUCCAUCUGUGAGGCCUAUUCUUGAUUACUUGUUUCUGGAGGCAGCU,((((((..(((((..(((((((((.((((((((((..............)))))))))).)))))))))..)))))..)))))),"Cytoplasm,Nucleus"
hsa-mir-361,GGAGCUUAUCAGAAUCUCCAGGGGUACUUUAUAAUUUCAAAAAGUCCCCCAGGUGUGAUUCUGAUUUGCUUC,(((((..(((((((((.((.((((.(((((..........))))).)))).))...)))))))))..))))),"Cytoplasm,Nucleus"
hsa-mir-365b,AGAGUGUUCAAGGACAGCAAGAAAAAUGAGGGACUUUCAGGGGCAGCUGUGUUUUCUGACUCAGUCAUAAUGCCCCUAAAAAUCCUUAUUGUUCUUGCAGUGUGCAUCGGG,...........(.((((((((((.((((((((..(((.(((((((((((.(((....))).)))).....))))))).))).)))))))).)))))))..))).)......,"Cytoplasm,Nucleus"
hsa-mir-373,GGGAUACUCAAAAUGGGGGCGCUUUCCUUUUUGUCUGUACUGGGAAGUGCUUCGAUUUUGGGGUGUCCC,((((((((((((((.((((((((((((..............)))))))))))).)))))))).)))))),"Nucleus,Exosome"
hsa-mir-375,CCCCGCGACGAGCCCCUCGCACAAACCGGACCUGAGCGUUUUGUUCGUUCGGCUCGCGUGAGGC,.((((((.((((((...((.(((((.((........)).))))).))...)))))))))).)).,"Cytoplasm,Nucleus"
hsa-mir-379,AGAGAUGGUAGACUAUGGAACGUAGGCGUUAUGAUUUCUGACCUAUGUAACAUGGUCCACUAACUCU,((((.((((.(((((((..(((((((((..........)).)))))))..))))))).)))).)))),"Nucleus,Exosome"
hsa-mir-328,UGGAGUGGGGGGGCAGGAGGGGCUCAGGGAGAAAGUGCAUACAGCCCCUGGCCCUCUCUGCCCUUCCGUCCCCUG,.(((.((((((((((((.(((((.(((((.......((.....)))))))))))).)))))))))))))))....,"Nucleus,Microvesicle"
hsa-mir-148b,CAAGCACGAUUAGCAUUUGAGGUGAAGUUCUGUUAUACACUCAGGCUGUGGCUCUCUGAAAGUCAGUGCAUCACAGAACUUUGUCUCGAAAGCUUUCUA,.......((..(((.((((((((((((((((((.((.((((..((((.............)))))))).)).)))))))))))))))))).))).))..,"Cytoplasm,Nucleus"
hsa-mir-335,UGUUUUGAGCGGGGGUCAAGAGCAAUAACGAAAAAUGUUUGUCAUAAACCGUUUUUCAUUAUUGCUCCUGACCUCCUCUCAUUUGCUAUAUUCA,.....((((.((((((((.(((((((((.((((((((.((......)).)))))))).))))))))).)))))))).)))).............,"Cytoplasm,Nucleus"
hsa-mir-133b,CCUCAGAAGAAAGAUGCCCCCUGCUCUGGCUGGUCAAACGGAACCAAGUCCGUCUUCCUGAGAGGUUUGGUCCCCUUCAACCAGCUACAGCAGGGCUGGCAAUGCCCAGUCCUUGGAGA,..............(((((((((((.((((((((..((.((.((((((.((.((((...)))))))))))).)).))..)))))))).)))))))..))))....(((.....)))...,"Nucleus,Microvesicle"
hsa-mir-422a,GAGAGAAGCACUGGACUUAGGGUCAGAAGGCCUGAGUCUCUCUGCUGCAGAUGGGCUCUCUGUCCCUGAGCCAAGCUUUGUCCUCCCUGG,(((.(((((..(((.(((((((.((((.(((((..(((((......).))))))))).)))).)))))))))).)))))...))).....,"Nucleus,Exosome"
hsa-mir-433,CCGGGGAGAAGUACGGUGAGCCUGUCAUUAUUCAGAGAGGCUAGAUCCUCUGUGUUGAGAAGGAUCAUGAUGGGCUCCUCGGUGUUCUCCAGG,((..((((((...(((.(((((((((((.(((((.(((((......))))).))........))).))))))))))).)))...)))))).)),"Exosome,Microvesicle"
hsa-mir-412,CUGGGGUACGGGGAUGGAUGGUCGACCAGUUGGAAAGUAAUUGUUUCUAAUGUACUUCACCUGGUCCACUAGCCGUCCGUAUCCGCUGCAG,...((((((..((((((.((((.((((((.(((..((((((((....)))).))))))).)))))).)))).)))))))))))).......,"Nucleus,Exosome"
hsa-mir-497,CCACCCCGGUCCUGCUCCCGCCCCAGCAGCACACUGUGGUUUGUACGGCACUGUGGCCACGUCCAAACCACACUGUGGUGUUAGAGCGAGGGUGGGGGAGGCACCGCCGAGG,...((.(((((((.((((((((((((((.((((.(((((((((.(((((......)))..)).))))))))).)))).)))).....).))))))))))))....)))).)),"Cytoplasm,Nucleus"
hsa-mir-450a-2,CCAAAGAAAGAUGCUAAACUAUUUUUGCGAUGUGUUCCUAAUAUGUAAUAUAAAUGUAUUGGGGACAUUUUGCAUUCAUAGUUUUGUAUCAAUAAUAUGG,.........(((((.(((((((...(((((.(((((((((((((((.......))))))))))))))).)))))...))))))).)))))..........,"Cytoplasm,Nucleus"
hsa-mir-503,UGCCCUAGCAGCGGGAACAGUUCUGCAGUGAGCGAUCGGUGCUCUGGGGUAUUGUUUCCGCUGCCAGGGUA,((((((.((((((((((((((.((.((..(((((.....))))))).)).)))))))))))))).)))))),"Cytoplasm,Nucleus"
hsa-mir-504,GCUGCUGUUGGGAGACCCUGGUCUGCACUCUAUCUGUAUUCUUACUGAAGGGAGUGCAGGGCAGGGUUUCCCAUACAGAGGGC,(((.((((((((((((((((.((((((((((.((.(((....))).))..)))))))))).)))))))))))).))))..))),"Cytoplasm,Nucleus"
hsa-mir-505,GAUGCACCCAGUGGGGGAGCCAGGAAGUAUUGAUGUUUCUGCCAGUUUAGCGUCAACACUUGCUGGUUUCCUCUCUGGAGCAUC,(((((..((((.(((((((((((.((((.((((((((...........)))))))).)))).))))))))))).)))).))))),"Cytoplasm,Nucleus"
hsa-mir-559,GCUCCAGUAACAUCUUAAAGUAAAUAUGCACCAAAAUUACUUUUGGUAAAUACAGUUUUGGUGCAUAUUUACUUUAGGAUGUUACUGGAGCUCCCA,(((((((((((((((((((((((((((((((((((((((((...))))......))))))))))))))))))))))))))))))))))))).....,"Cytoplasm,Nucleus"
hsa-mir-580,AUAAAAUUUCCAAUUGGAACCUAAUGAUUCAUCAGACUCAGAUAUUUAAGUUAACAGUAUUUGAGAAUGAUGAAUCAUUAGGUUCCGGUCAGAAAUU,....((((((..((((((((((((((((((((((..((((((((((.........))))))))))..))))))))))))))))))))))..)))))),"Cytoplasm,Nucleus"
hsa-mir-590,UAGCCAGUCAGAAAUGAGCUUAUUCAUAAAAGUGCAGUAUGGUGAAGUCAAUCUGUAAUUUUAUGUAUAAGCUAGUCUCUGAUUGAAACAUGCAGCA,....((((((((.((.(((((((.(((((((.(((((..(((.....)))..))))).))))))).))))))).)).))))))))............,"Cytoplasm,Nucleus"
hsa-mir-598,GCUUGAUGAUGCUGCUGAUGCUGGCGGUGAUCCCGAUGGUGUGAGCUGGAAAUGGGGUGCUACGUCAUCGUUGUCAUCGUCAUCAUCAUCAUCCGAG,.((((((((......(((((.((((((((((..((((((((((.(((........)))..))))))))))..)))))))))).)))))))))).))),"Nucleus,Exosome"
hsa-mir-607,UUGCCUAAAGUCACACAGGUUAUAGAUCUGGAUUGGAACCCAGGGAGCCAGACUGCCUGGGUUCAAAUCCAGAUCUAUAACUUGUGUGACUUUGGG,...(((((((((((((((((((((((((((((((.(((((((((.((.....)).))))))))).))))))))))))))))))))))))))))))),"Cytoplasm,Nucleus"
hsa-mir-615,CUCGGGAGGGGCGGGAGGGGGGUCCCCGGUGCUCGGAUCUCGAGGGUGCUUAUUGUUCGGUCCGAGCCUGGGUCUCCCUCUUCCCCCCAACCCCCC,...(((..(((.((((((((((..(((((.((((((((..((((.(.......).)))))))))))))))))...)))))))))))))..)))...,"Cytoplasm,Nucleus"
hsa-mir-625,AGGGUAGAGGGAUGAGGGGGAAAGUUCUAUAGUCCUGUAAUUAGAUCUCAGGACUAUAGAACUUUCCCCCUCAUCCCUCUGCCCU,(((((((((((((((((((((((((((((((((((((...........))))))))))))))))))))))))))))))))))))),"Cytoplasm,Nucleus"
hsa-mir-33b,GCGGGCGGCCCCGCGGUGCAUUGCUGUUGCAUUGCACGUGUGUGAGGCGGGUGCAGUGCCUCGGCAGUGCAGCCCGGAGCCGGCCCCUGGCACCAC,(((((((((.(((.((((((((((((..(((((((((.(((.....))).)))))))))..)))))))))).))))).)))).)))...)).....,"Cytoplasm,Nucleus"
hsa-mir-640,GUGACCCUGGGCAAGUUCCUGAAGAUCAGACACAUCAGAUCCCUUAUCUGUAAAAUGGGCAUGAUCCAGGAACCUGCCUCUACGGUUGCCUUGGGG,((((((..(((((.(((((((..(((((....((((((((.....)))))....)))....)))))))))))).)))))....)))))).......,"Nucleus,Exosome"
hsa-mir-643,ACCAAGUGAUAUUCAUUGUCUACCUGAGCUAGAAUACAAGUAGUUGGCGUCUUCAGAGACACUUGUAUGCUAGCUCAGGUAGAUAUUGAAUGAAAAA,.........((((((.((((((((((((((((.((((((((.......((((....)))))))))))).)))))))))))))))).)))))).....,"Nucleus,Microvesicle"
hsa-mir-411,UGGUACUUGGAGAGAUAGUAGACCGUAUAGCGUACGCUUUAUCUGUGACGUAUGUAACACGGUCCACUAACCCUCAGUAUCAAAUCCAUCCCCGAG,(((((((..(((.(.((((.((((((...((((((((.........).)))))))...)))))).)))).).))))))))))..............,"Nucleus,Exosome"
hsa-mir-658,GCUCGGUUGCCGUGGUUGCGGGCCCUGCCCGCCCGCCAGCUCGCUGACAGCACGACUCAGGGCGGAGGGAAGUAGGUCCGUUGGUCGGUCGGGAACGAGG,.(((.(((.((((.(..(((((((((.(((..(((((((.(((.((....)))))))...))))).))).))..)))))))....).).))).)))))).,"Nucleus,Exosome"
hsa-mir-767,GCUUUUAUAUUGUAGGUUUUUGCUCAUGCACCAUGGUUGUCUGAGCAUGCAGCAUGCUUGUCUGCUCAUACCCCAUGGUUUCUGAGCAGGAACCUUCAUUGUCUACUGC,((....(((.((.(((((((((((((...(((((((..((.((((((.((((.....)))).)))))).)).)))))))...))))))))))))).)).))).....)),"Cytoplasm,Nucleus"
hsa-mir-320b-1,AUAAAUUAAUCCCUCUCUUUCUAGUUCUUCCUAGAGUGAGGAAAAGCUGGGUUGAGAGGGCAAACAAAUUAA,..........(((((((..(((((((.(((((......))))).)))))))..)))))))............,"Cytoplasm,Nucleus"
hsa-mir-769,GCCUUGGUGCUGAUUCCUGGGCUCUGACCUGAGACCUCUGGGUUCUGAGCUGUGAUGUUGCUCUCGAGCUGGGAUCUCCGGGGUCUUGGUUCAGGGCCGGGGCCUCUGGGUUCCAAGC,..(((((.(((((..(((.((((((((.((((((((((.(((.(((.((((.(((........))))))).))).))).)))))))))).)))))))).)))..))..))).))))).,"Cytoplasm,Nucleus"
hsa-mir-766,GCAUCCUCAGGACCUGGGCUUGGGUGGUAGGAGGAAUUGGUGCUGGUCUUUCAUUUUGGAUUUGACUCCAGCCCCACAGCCUCAGCCACCCCAGCCAAUUGUCAUAGGAGC,((.((((...(((...((((.(((((((..((((...(((.(((((....(((.........)))..))))).)))...)))).))))))).))))....)))..)))))),"Cytoplasm,Nucleus"
hsa-mir-320b-2,GUCUCUUAGGCUUUCUCUUCCCAGAUUUCCCAAAGUUGGGAAAAGCUGGGUUGAGAGGGCAAAAGGAAAAA,.((.(((..((((((((..(((((.(((((((....)))))))..)))))..))))))))..)))))....,"Cytoplasm,Nucleus"
hsa-mir-892b,UGCAAUGCCCUACUCAGAAAGGUGCCAUUUAUGUAGAUUUUAUGUCACUGGCUCCUUUCUGGGUAGAGCAAGGCUCA,.((..(((.(((((((((((((.((((...(((((.....)))))...)))).))))))))))))).)))..))...,"Nucleus,Exosome"
hsa-mir-873,GUGUGCAUUUGCAGGAACUUGUGAGUCUCCUAUUGAAAAUGAACAGGAGACUGAUGAGUUCCCGGGAACACCCACAA,(((.(..(((.(.(((((((((.((((((((.((.......)).)))))))).))))))))).).)))..).)))..,"Cytoplasm,Nucleus"
hsa-mir-301b,GCCGCAGGUGCUCUGACGAGGUUGCACUACUGUGCUCUGAGAAGCAGUGCAAUGAUAUUGUCAAAGCAUCUGGGACCA,.((.((((((((.((((((.(((((((.....((((......)))))))))))....)))))).))))))))))....,"Cytoplasm,Nucleus"
hsa-mir-939,UGUGGGCAGGGCCCUGGGGAGCUGAGGCUCUGGGGGUGGCCGGGGCUGACCCUGGGCCUCUGCUCCCCAGUGUCUGACCGCG,.((((...((((.(((((((((.(((((.((((((..(((....)))..))))))))))).))))))))).))))..)))).,"Nucleus,Exosome"
hsa-mir-942,AUUAGGAGAGUAUCUUCUCUGUUUUGGCCAUGUGUGUACUCACAGCCCCUCACACAUGGCCGAAACAGAGAAGUUACUUUCCUAAU,((((((((((((.(((((((((((((((((((((((..............))))))))))))))))))))))).)))))))))))),"Cytoplasm,Nucleus"
hsa-mir-944,GUUCCAGACACAUCUCAUCUGAUAUACAAUAUUUUCUUAAAUUGUAUAAAGAGAAAUUAUUGUACAUCGGAUGAGCUGUGUCUGGGAU,((((((((((((.((((((((((.(((((((.((((((............)))))).))))))).)))))))))).)))))))))))),"Cytoplasm,Nucleus"
hsa-mir-1178,GCGUUGGCUGGCAGAGGAAGGGAAGGGUCCAGGGUCAGCUGAGCAUGCCCUCAGGUUGCUCACUGUUCUUCCCUAGAAUGUCAGGUGAUGU,((((((.((((((.....(((((((((........(((.((((((.(((....)))))))))))))))))))))....)))))).)))))),"Nucleus,Exosome"
hsa-mir-1180,GCUGCUGGACCCACCCGGCCGGGAAUAGUGCUCCUGGUUGUUUCCGGCUCGCGUGGGUGUGUCGGCGGC,((((((((((((((.(((((((((((((..(....).))))))))))).)).))))))...)))))))),"Nucleus,Exosome"
hsa-mir-1181,UCCACUGCUGCCGCCGUCGCCGCCACCCGAGCCGGAGCGGGCUGGGCCGCCAAGGCAAGAUGGUGGACUACAGCGUGUGGG,.((((((((((((((((((((((..(((.((((......)))))))..))...)))..))))))))....))))).)))).,"Cytoplasm,Nucleus"
hsa-mir-1228,GUGGGCGGGGGCAGGUGUGUGGUGGGUGGUGGCCUGCGGUGAGCAGGGCCCUCACACCUGCCUCGCCCCCCAG,..((((.((((((((((((.((........(.(((((.....))))).))).)))))))))))))))).....,"Cytoplasm,Exosome"
hsa-mir-1236,GUGAGUGACAGGGGAAAUGGGGAUGGACUGGAAGUGGGCAGCAUGGAGCUGACCUUCAUCAUGGCUUGGCCAACAUAAUGCCUCUUCCCCUUGUCUCUCCAG,(.(((.((((((((((..((..(((.....((.(.(((((((.....)))).))).).)).((((...)))).)))....))..))))))).))).))))..,"Cytoplasm,Nucleus"
hsa-mir-1285-2,UUUGGGAGGCCGAGGCUGGUGCAUCACUUGAGCCCAGCAAUUUGAGACCAAUCUGGGCAACAAAGUGAGACCUCCGUCUCUACAAAGA,((((((((((.((((........((((((..((((((....(((....))).))))))....))))))..)))).)))))).))))..,"Cytoplasm,Nucleus"
hsa-mir-1287,GUUGUGCUGUCCAGGUGCUGGAUCAGUGGUUCGAGUCUGAGCCUUUAAAAGCCACUCUAGCCACAGAUGCAGUGAUUGGAGCCAUGACAA,((((((...(((((.(((((.(((.((((((.((((..(.((........))))))).)))))).))).))))).)))))..))))))..,"Cytoplasm,Nucleus"
hsa-mir-1291,GGUAGAAUUCCAGUGGCCCUGACUGAAGACCAGCAGUUGUACUGUGGCUGUUGGUUUCAAGCAGAGGCCUAAAGGACUGUCUUCCUG,((.(((..(((...(((((((.((..((((((((((((.......))))))))))))..))))).))))....)))...))).))..,"Cytoplasm,Nucleus"
hsa-mir-548k,CUUUUCUCAAGUAUUGCUGUUAGGUUGGUGCAAAAGUACUUGCGGAUUUUGCUUUACUUUUAAUGGCAAAAACCGCAAUUAUUUUUGCUUCAACCUAAUAUGAUGCAAAAUUGGCU,..........((((((.(((((((((((.(((((((((.((((((.(((((((...........))))))).)))))).))))))))).)))))))))))))))))..........,"Cytoplasm,Nucleus"
hsa-mir-1293,AGGUUGUUCUGGGUGGUCUGGAGAUUUGUGCAGCUUGUACCUGCACAAAUCUCCGGACCACUUAGUCUUUA,........(((((((((((((((((((((((((.......)))))))))))))))))))))))))......,"Cytoplasm,Nucleus"
hsa-mir-1303,GGCUGGGCAACAUAGCGAGACCUCAACUCUACAAUUUUUUUUUUUUUAAAUUUUAGAGACGGGGUCUUGCUCUGUUGCCAGGCUUU,((((.(((((((.(((((((((((..(((((.(((((..........))))).)))))..))))))))))).))))))).))))..,"Nucleus,Microvesicle"
hsa-mir-1304,AAACACUUGAGCCCAGCGGUUUGAGGCUACAGUGAGAUGUGAUCCUGCCACAUCUCACUGUAGCCUCGAACCCCUGGGCUCAAGUGAUUCA,...(((((((((((((.((((((((((((((((((((((((.......)))))))))))))))))))))))).))))))))))))).....,"Cytoplasm,Nucleus"
hsa-mir-1244-1,AUCUUAUUCCGAGCAUUCCAGUAACUUUUUUGUGUAUGUACUUAGCUGUACUAUAAGUAGUUGGUUUGUAUGAGAUGGUUAAAAA,(((((((.....(((..((((..(((......((((.((((......)))))))))))..))))..)))))))))).........,"Cytoplasm,Nucleus"
hsa-mir-1249,GGGAGGAGGGAGGAGAUGGGCCAAGUUCCCUCUGGCUGGAACGCCCUUCCCCCCCUUCUUCACCUG,.(((((((((.((.((.((((...(((((........))))))))).)))).))))))))).....,"Cytoplasm,Nucleus"
hsa-mir-1255a,AUUGGAAAUCCUUUGAGUUGCUUCUCAAGGAUGAGCAAAGAAAGUAGAUUUUUUAGAUUCUAAAGAAACUAUCUUCUUUGCUCAUCCUUGAGAAGCAACUCCUUAUCCAUUAA,..((((........((((((((((((((((((((((((((((.((((.((((((((...)))))))).)))).))))))))))))))))))))))))))))....))))....,"Cytoplasm,Nucleus"
hsa-mir-1256,AGUCAGCCUGUUGAAGCUUUGAAGCUUUGAUGCCAGGCAUUGACUUCUCACUAGCUGUGAAAGUCCUAGCUAAAGAGAAGUCAAUGCAUGACAUCUUGUUUCAAUAGAUGGCUGUUUCA,(((((..((((((((((...........((((.((.(((((((((((((..((((((.((...)).))))))..))))))))))))).)).))))..)))))))))).)))))......,"Cytoplasm,Nucleus"
hsa-mir-1262,AUCUACAAUGGUGAUGGGUGAAUUUGUAGAAGGAUGAAAGUCAAAGAAUCCUUCUGGGAACUAAUUUUUGGCCUUCAACAAGAAUUGUGAUAU,(((.(((((..(((.((((.(((((.(((((((((............))))))))).))).......)).)))))))......))))))))..,"Cytoplasm,Nucleus"
hsa-mir-548h-3,UCUGAUUCUGCAUGUAUUAGGUUGGUGCAAAAGUAAUCGCGGUUUUUGUCAUUGAAAGUAAUAGCAAAAACUGCAAUUACUUUUGCACCAACCUAAAAGUAGUCACUGUCUUCAGAUA,(((((..((((.....(((((((((((((((((((((.(((((((((((.((((....)))).))))))))))).)))))))))))))))))))))..)))).........)))))..,"Cytoplasm,Nucleus"
hsa-mir-548h-4,GCUAUUAGGUUGGUGCAAAAGUAAUCGCGGUUUUUGUCAUUACUUUAAUUACUUUACGUUUCAUUAAUGACAAAAACCGCAAUUACUUUUGCACCAACCUAAUACUUGCUA,(((((((((((((((((((((((((.((((((((((((((((....(((........)))....)))))))))))))))).)))))))))))))))))))))))...))..,"Cytoplasm,Nucleus"
hsa-mir-1275,CCUCUGUGAGAAAGGGUGUGGGGGAGAGGCUGUCUUGUGUCUGUAAGUAUGCCAAACUUAUUUUCCCCAAGGCAGAGGGA,(((((((...........((((((((((((...((((......))))...))).......)))))))))..)))))))..,"Nucleus,Exosome"
hsa-mir-1277,ACCUCCCAAAUAUAUAUAUAUAUGUACGUAUGUGUAUAUAAAUGUAUACGUAGAUAUAUAUGUAUUUUUGGUGGGUUU,((((.(((((.((((((((((((.(((((((((((......))))))))))).)))))))))))).))))).))))..,"Cytoplasm,Nucleus"
hsa-mir-1278,AUUUGCUCAUAGAUGAUAUGCAUAGUACUCCCAGAACUCAUUAAGUUGGUAGUACUGUGCAUAUCAUCUAUGAGCGAAUAG,(((((((((((((((((((((((((((((.(((..(((.....)))))).)))))))))))))))))))))))))))))..,"Cytoplasm,Nucleus"
hsa-mir-1292,CCUGGGAACGGGUUCCGGCAGACGCUGAGGUUGCGUUGACGCUCGCGCCCCGGCUCCCGUUCCAGG,(((.((((((((..((((..(.(((.((((((.....))).))))))).))))..))))))))))),"Cytoplasm,Nucleus"
hsa-mir-1255b-1,UACGGAUGAGCAAAGAAAGUGGUUUCUUAAAAUGGAAUCUACUCUUUGUGAAGAUGCUGUGAA,(((((((..(((((((..((((.((((......)))).)))))))))))....)).)))))..,"Cytoplasm,Nucleus"
hsa-mir-1255b-2,UCUUACGGAUGAGCAAAGAAAGUGGUUUGCGCCUCAAGAAACCACUUUCUUUGCUCAUCCAUAAGGA,(((((.((((((((((((((((((((((..........)))))))))))))))))))))).))))).,"Cytoplasm,Nucleus"
hsa-mir-664a,GAACAUUGAAACUGGCUAGGGAAAAUGAUUGGAUAGAAACUAUUAUUCUAUUCAUUUAUCCCCAGCCUACAAAAUGAAAAAA,...((((......((((.((((...(((.(((((((((.......))))))))).))))))).)))).....))))......,"Cytoplasm,Nucleus"
hsa-mir-1306,GUGAGCAGUCUCCACCACCUCCCCUGCAAACGUCCAGUGGUGCAGAGGUAAUGGACGUUGGCUCUGGUGGUGAUGGACAGUCCGA,.((.((.((((.(((((((......((.((((((((.((.(.....).)).)))))))).))...)))))))..)))).)).)).,"Cytoplasm,Nucleus"
hsa-mir-1908,CGGGAAUGCCGCGGCGGGGACGGCGAUUGGUCCGUAUGUGUGGUGCCACCGGCCGCCGGCUCCGCCCCGGCCCCCGCCCC,((((...((((.(((((((.(((((.(((((..((((.....)))).))))).))))).))))))).)))).))))....,"Cytoplasm,Nucleus"
hsa-mir-1910,UGUCCCUUCAGCCAGUCCUGUGCCUGCCGCCUUUGUGCUGUCCUUGGAGGGAGGCAGAAGCAGGAUGACAAUGAGGGCAA,((.(((.(((....(((((((..(((((.(((((............))))).)))))..))))))).....)))))))).,"Cytoplasm,Nucleus"
hsa-mir-2277,GUGCUUCCUGCGGGCUGAGCGCGGGCUGAGCGCUGCCAGUCAGCGCUCACAUUAAGGCUGACAGCGCCCUGCCUGGCUCGGCCGGCGAAGCUC,..(((((..((.((((((((.(((((.(.((((((.(((((..............))))).)))))).).))))))))))))).)))))))..,"Cytoplasm,Nucleus"
hsa-mir-3143,UAGAUAACAUUGUAAAGCGCUUCUUUCGCGGUUGGGCUGGAGCAACUCUUUACAAUGUUUCUA,((((.((((((((((((.(((((....((......)).)))))....)))))))))))))))),"Cytoplasm,Nucleus"
hsa-mir-3173,UCCCUGCCCUGCCUGUUUUCUCCUUUGUGAUUUUAUGAGAACAAAGGAGGAAAUAGGCAGGCCAGGGA,((((((.(((((((((((((((((((((..((....))..))))))))))))))))))))).)))))),"Cytoplasm,Nucleus"
hsa-mir-3065,CUGCCCUCUUCAACAAAAUCACUGAUGCUGGAGUCGCCUGAGUCAUCACUCAGCACCAGGAUAUUGUUGGAGAGGACAG,(((.((((((((((((.(((.(((.(((((((.((....)).))......))))).)))))).)))))))))))).))),"Cytoplasm,Nucleus"
hsa-miR-489-5p,GGUCGUAUGUGUGACGCCAUUU,((.(((.......)))))....,"Exosome,Microvesicle"
hsa-miR-509-3p,UGAUUGGUACGUCUGUGGGUAG,.......(((........))).,"Exosome,Microvesicle"
hsa-let-7f-1,UCAGAGUGAGGUAGUAGAUUGUAUAGUUGUGGGGUAGUGAUUUUACCCUGUUCAGGAGAUAACUAUACAAUCUAUUGCCUUCCCUGA,((((.(.((((((((((((((((((((((((((((((.....))))))).........))))))))))))))))))))))).))))),"Cytoplasm,Nucleus,Exosome"
hsa-mir-15a,CCUUGGAGUAAAGUAGCAGCACAUAAUGGUUUGUGGAUUUUGAAAAGGUGCAGGCCAUAUUGUGCUGCCUCAAAAAUACAAGG,(((((.......(..((((((((..((((((((((.............))))))))))..))))))))..).......))))),"Cytoplasm,Nucleus,Exosome"
hsa-mir-16-1,GUCAGCAGUGCCUUAGCAGCACGUAAAUAUUGGCGUUAAGAUUCUAAAAUUAUCUCCAGUAUUAACUGUGCUGCUGAAGUAAGGUUGAC,((((((..(((.((((((((((((.((((((((.(.(((..........))).).)))))))).)).)))))))))).)))..)))))),"Cytoplasm,Nucleus,Exosome"
hsa-mir-17,GUCAGAAUAAUGUCAAAGUGCUUACAGUGCAGGUAGUGAUAUGUGCAUCUACUGCAGUGAAGGCACUUGUAGCAUUAUGGUGAC,((((..(((((((..((((((((.((.((((.((((((.......)).)))))))).)).))))))))...)))))))..)))),"Cytoplasm,Nucleus,Exosome"
hsa-mir-19b-2,ACAUUGCUACUUACAAUUAGUUUUGCAGGUUUGCAUUUCAGCGUAUAUAUGUAUAUGUGGCUGUGCAAAUCCAUGCAAAACUGAUUGUGAUAAUGU,((((((....((((((((((((((((((((((((((....(((((((....)))))))....))))))).)).))))))))))))))))))))))),"Cytoplasm,Nucleus,Exosome"
hsa-mir-20a,GUAGCACUAAAGUGCUUAUAGUGCAGGUAGUGUUUAGUUAUCUACUGCAUUAUGAGCACUUAAAGUACUGC,((((.(((.((((((((((((((((.((((((......)).))))))))))))))))))))..))).)))),"Cytoplasm,Nucleus,Exosome"
hsa-mir-26a-1,GUGGCCUCGUUCAAGUAAUCCAGGAUAGGCUGUGCAGGUCCCAAUGGGCCUAUUCUUGGUUACUUGCACGGGGACGC,(((.((((((.(((((((((.((((((((((...............)))))))))).))))))))).)))))).))),"Cytoplasm,Nucleus,Exosome"
hsa-mir-26b,CCGGGACCCAGUUCAAGUAAUUCAGGAUAGGUUGUGUGCUGUCCAGCCUGUUCUCCAUUACUUGGCUCGGGGACCGG,((((..(((((.(((((((((..(((((((((((.(......))))))))))))..))))))))))).)))..)))),"Cytoplasm,Nucleus,Exosome"
hsa-mir-27a,CUGAGGAGCAGGGCUUAGCUGCUUGUGAGCAGGGUCCACACCAAGUCGUGUUCACAGUGGCUAAGUUCCGCCCCCCAG,(((.((.((.((((((((((((.((((((((.((.(........))).)))))))))))))))))))).)).)).))),"Cytoplasm,Nucleus,Exosome"
hsa-mir-28,GGUCCUUGCCCUCAAGGAGCUCACAGUCUAUUGAGUUACCUUUCUGACUUUCCCACUAGAUUGUGAGCUCCUGGAGGGCAGGCACU,(((.(((((((((.((((((((((((((((.(((((((......)))))....)).)))))))))))))))).))))))))).))),"Cytoplasm,Nucleus,Exosome"
hsa-mir-31,GGAGAGGAGGCAAGAUGCUGGCAUAGCUGUUGAACUGGGAACCUGCUAUGCCAACAUAUUGCCAUCUUUCC,(((((((.(((((.(((.(((((((((.(((........)))..))))))))).))).))))).))))))),"Cytoplasm,Nucleus,Exosome"
hsa-mir-92a-1,CUUUCUACACAGGUUGGGAUCGGUUGCAAUGCUGUGUUUCUGUAUGGUAUUGCACUUGUCCCGGCCUGUUGAGUUUGG,....((..((((((((((((.((.((((((((((((......)))))))))))))).))))))))))))..)).....,"Cytoplasm,Nucleus,Exosome"
hsa-mir-92a-2,UCAUCCCUGGGUGGGGAUUUGUUGCAUUACUUGUGUUCUAUAUAAAGUAUUGCACUUGUCCCGGCCUGUGGAAGA,((.(((.(((((.(((((..(.((((.(((((((((...)))))).))).)))))..))))).))))).))).)),"Cytoplasm,Nucleus,Exosome"
hsa-mir-95,AACACAGUGGGCACUCAAUAAAUGUCUGUUGAAUUGAAAUGCGUUACAUUCAACGGGUAUUUAUUGAGCACCCACUCUGUG,.(((.((((((..((((((((((((((((((((((((......))).)))))))))))))))))))))..)))))).))).,"Cytoplasm,Nucleus,Microvesicle"
hsa-mir-101-1,UGCCCUGGCUCAGUUAUCACAGUGCUGAUGCUGUCUAUUCUAAAGGUACAGUACUGUGAUAACUGAAGGAUGGCA,((((.....((((((((((((((((((.((((............)))))))))))))))))))))).....)))),"Cytoplasm,Nucleus,Exosome"
hsa-mir-16-2,GUUCCACUCUAGCAGCACGUAAAUAUUGGCGUAGUGAAAUAUAUAUUAAACACCAAUAUUACUGUGCUGCUUUAGUGUGAC,(((.((((..((((((((((.((((((((.((..(((........))).)).)))))))))).))))))))..)))).))),"Cytoplasm,Nucleus,Exosome"
hsa-mir-197,GGCUGUGCCGGGUAGAGAGGGCAGUGGGAGGUAAGAGCUCUUCACCCUUCACCACCUUCUCCACCCAGCAUGGCC,((((((((.((((.(((((((..(((((.((((((....))).))).)))))..))))))).)))).)))))))),"Nucleus,Exosome,Microvesicle"
hsa-mir-30c-2,AGAUACUGUAAACAUCCUACACUCUCAGCUGUGGAAAGUAAGAAAGCUGGGAGAAGGCUGUUUACUCUUUCU,(((....(((((((.(((...(((((((((..............))))))))).))).)))))))....))),"Cytoplasm,Nucleus,Exosome"
hsa-mir-7-1,UUGGAUGUUGGCCUAGUUCUGUGUGGAAGACUAGUGAUUUUGUUGUUUUUAGAUAACUAAAUCGACAACAAAUCACAGUCUGCCAUAUGGCACAGGCCAUGCCUCUACAG,.((((.((((((((.((.((((((((.(((((.((((.((((((((((((((....)))))..)))))))))))))))))).)))))))).)))))))).)).))))...,"Cytoplasm,Nucleus,Exosome"
hsa-mir-7-2,CUGGAUACAGAGUGGACCGGCUGGCCCCAUCUGGAAGACUAGUGAUUUUGUUGUUGUCUUACUGCGCUCAACAACAAAUCCCAGUCUACCUAAUGGUGCCAGCCAUCGCA,(((....))).((((...(((((((.((((..((.(((((.(.((.((((((((((............))))))))))))).))))).))..)))).))))))).)))).,"Cytoplasm,Nucleus,Exosome"
hsa-mir-10a,GAUCUGUCUGUCUUCUGUAUAUACCCUGUAGAUCCGAAUUUGUGUAAGGAAUUUUGUGGUCACAAAUUCGUAUCUAGGGGAAUAUGUAGUUGACAUAAACACUCCGCUCU,....(((.((((..((((((((.((((.(((((.((((((((((................)))))))))).))))))))).))))))))..))))...))).........,"Cytoplasm,Nucleus,Exosome"
hsa-mir-10b,CCAGAGGUUGUAACGUUGUCUAUAUAUACCCUGUAGAACCGAAUUUGUGUGGUAUCCGUAUAGUCACAGAUUCGAUUCUAGGGGAAUAUAUGGUCGAUGCAAAAACUUCA,...((((((....(((((.((((((((.((((.(((((.((((((((((.(.(((....))).))))))))))).))))))))).)))))))).)))))....)))))).,"Cytoplasm,Nucleus,Exosome"
hsa-mir-181a-2,AGAAGGGCUAUCAGGCCAGCCUUCAGAGGACUCCAAGGAACAUUCAACGCUGUCGGUGAGUUUGGGAUUUGAAAAAACCACUGACCGUUGACUGUACCUUGGGGUCCUUA,.((((((((....))))...)))).(((((((((((((.(((.((((((..(((((((.((((...........))))))))))))))))).))).))))))))))))).,"Cytoplasm,Nucleus,Exosome"
hsa-mir-181b-1,CCUGUGCAGAGAUUAUUUUUUAAAAGGUCACAAUCAACAUUCAUUGCUGUCGGUGGGUUGAACUGUGUGGACAAGCUCACUGAACAAUGAAUGCAACUGUGGCCCCGCUU,.........................(((((((.....(((((((((...((((((((((....(((....))))))))))))).)))))))))....)))))))......,"Cytoplasm,Nucleus,Exosome"
hsa-mir-182,GAGCUGCUUGCCUCCCCCCGUUUUUGGCAAUGGUAGAACUCACACUGGUGAGGUAACAGGAUCCGGUGGUUCUAGACUUGCCAACUAUGGGGCGAGGACUCAGCCGGCAC,..((((((.(((((.((((((..(((((((...((((((...((((((..............))))))))))))...)))))))..)))))).)))).)..))).)))..,"Cytoplasm,Nucleus,Exosome"
hsa-mir-196a-2,UGCUCGCUCAGCUGAUCUGUGGCUUAGGUAGUUUCAUGUUGUUGGGAUUGAGUUUUGAACUCGGCAACAAGAAACUGCCUGAGUUACAUCAGUCGGUUUUCGUCGAGGGC,..(((((..(((((((.((((((((((((((((((.((((((((((.((........)))))))))))).))))))))))))))))))...)))))))...).))))...,"Cytoplasm,Nucleus,Exosome"
hsa-mir-199b,CCAGAGGACACCUCCACUCCGUCUACCCAGUGUUUAGACUAUCUGUUCAGGACUCCCAAAUUGUACAGUAGUCUGCACAUUGGUUAGGCUGGGCUGGGUUAGACCCUCGG,((.((((.....((((.((((((((.(((((((.(((((((.((((.((((....))....)).))))))))))).))))))).))))).))).))))......)))))),"Cytoplasm,Nucleus,Exosome"
hsa-mir-204,GGCUACAGUCUUUCUUCAUGUGACUCGUGGACUUCCCUUUGUCAUCCUAUGCCUGAGAAUAUAUGAAGGAGGCUGGGAAGGCAAAGGGACGUUCAAUUGUCAUCACUGGC,.....((((..........(((((...(((((.((((((((((.(((((.((((...............))))))))).)))))))))).)))))...))))).))))..,"Cytoplasm,Nucleus,Exosome"
hsa-mir-205,AAAGAUCCUCAGACAAUCCAUGUGCUUCUCUUGUCCUUCAUUCCACCGGAGUCUGUCUCAUACCCAACCAGAUUUCAGUGGAGUGAAGUUCAGGAGGCAUGGAGCUGACA,........((((.(..(((((((....((((((..(((((((((((.((((((((.............)))))))).)))))))))))..))))))))))))))))))..,"Cytoplasm,Nucleus,Exosome"
hsa-mir-210,ACCCGGCAGUGCCUCCAGGCGCAGGGCAGCCCCUGCCCACCGCACACUGCGCUGCCCCAGACCCACUGUGCGUGUGACAGCGGCUGAUCUGUGCCUGGGCAGCGCGACCC,....((..((((.(((((((((((..(((((.(((..(((((((((.((.((((...))).).)).)))))).))).))).)))))..)))))))))))..))))..)).,"Cytoplasm,Nucleus,Exosome"
hsa-mir-212,CGGGGCACCCCGCCCGGACAGCGCGCCGGCACCUUGGCUCUAGACUGCUUACUGCCCGGGCCGCCCUCAGUAACAGUCUCCAGUCACGGCCACCGACGCCUGGCCCCGCC,((((((...((....)).(((.(((.(((..((.(((((..((((((.((((((...(((...))).))))))))))))..))))).))...))).))))))))))))..,"Cytoplasm,Nucleus,Exosome"
hsa-mir-181a-1,UGAGUUUUGAGGUUGCUUCAGUGAACAUUCAACGCUGUCGGUGAGUUUGGAAUUAAAAUCAAAACCAUCGACCGUUGAUUGUACCCUAUGGCUAACCAUCAUCUACUCCA,.((((..((((((((((..((.(.(((.((((((..(((((((.((((.((.......)).))))))))))))))))).))).).))..))).)))).)))...))))..,"Cytoplasm,Nucleus,Exosome"
hsa-mir-223,CCUGGCCUCCUGCAGUGCCACGCUCCGUGUAUUUGACAAGCUGAGUUGGACACUCCAUGUGGUAGAGUGUCAGUUUGUCAAAUACCCCAAGUGCGGCACAUGCUUACCAG,.((((......((((((((.((((..(.((((((((((((((......(((((((.........))))))))))))))))))))).)..)))).))))).)))...)))),"Nucleus,Exosome,Microvesicle"
hsa-mir-200b,CCAGCUCGGGCAGCCGUGGCCAUCUUACUGGGCAGCAUUGGAUGGAGUCAGGUCUCUAAUACUGCCUGGUAAUGAUGACGGCGGAGCCCUGCACG,...((..((((..((((.(.(((((((((((((((.((((((..((......)))))))).))))))))))).)))).).)))).)))).))...,"Cytoplasm,Nucleus,Exosome"
hsa-mir-125b-1,UGCGCUCCUCUCAGUCCCUGAGACCCUAACUUGUGAUGUUUACCGUUUAAAUCCACGGGUUAGGCUCUUGGGAGCUGCGAGUCGUGCU,.((((..(((.((((.(((((((.(((((((((((..(((((.....))))).))))))))))).))))))).)))).)))..)))).,"Cytoplasm,Nucleus,Exosome"
hsa-mir-130a,UGCUGCUGGCCAGAGCUCUUUUCACAUUGUGCUACUGUCUGCACCUGUCACUAGCAGUGCAAUGUUAAAAGGGCAUUGGCCGUGUAGUG,.((((((((((((.((((((((.((((((((((.(((...((....))...))).)))))))))).)))))))).))))))).))))).,"Cytoplasm,Nucleus,Exosome"
hsa-mir-152,UGUCCCCCCCGGCCCAGGUUCUGUGAUACACUCCGACUCGGGCUCUGGAGCAGUCAGUGCAUGACAGAACUUGGGCCCGGAAGGACC,.((((..((.((((((((((((((.((.((((..((((...(((....))))))))))).)).)))))))))))))).))..)))).,"Cytoplasm,Nucleus,Exosome"
hsa-mir-125b-2,ACCAGACUUUUCCUAGUCCCUGAGACCCUAACUUGUGAGGUAUUUUAGUAACAUCACAAGUCAGGCUCUUGGGACCUAGGCGGAGGGGA,.((...((((.(((((((((.((((.(((.((((((((.((.........)).)))))))).))).))))))))).)))).)))).)).,"Cytoplasm,Nucleus,Exosome"
hsa-mir-138-1,CCCUGGCAUGGUGUGGUGGGGCAGCUGGUGUUGUGAAUCAGGCCGUUGCCAAUCAGAGAACGGCUACUUCACAACACCAGGGCCACACCACACUACAGG,.((((...((((((((((.(((..(((((((((((((...(((((((..(.....)..)))))))..))))))))))))).))).)))))))))))))),"Cytoplasm,Nucleus,Exosome"
hsa-mir-149,GCCGGCGCCCGAGCUCUGGCUCCGUGUCUUCACUCCCGUGCUUGUCCGAGGAGGGAGGGAGGGACGGGGGCUGUGCUGGGGCAGCUGGA,.(((((((((.(((.(.(.((((((.(((((.(((((.(.(((....))).))))))))))).)))))).).).))).)))).))))).,"Cytoplasm,Nucleus,Exosome"
hsa-mir-185,AGGGGGCGAGGGAUUGGAGAGAAAGGCAGUUCCUGAUGGUCCCCUCCCCAGGGGCUGGCUUUCCUCUGGUCCUUCCCUCCCA,.(((((.((((((((((((.(((((.(((((((((..((......)).))))))))).))))))))))))))))).))))).,"Cytoplasm,Nucleus,Exosome"
hsa-mir-193a,CGAGGAUGGGAGCUGAGGGCUGGGUCUUUGCGGGCGAGAUGAGGGUGUCGGAUCAACUGGCCUACAAAGUCCCAGUUCUCGGCCCCCG,.......(((.(((((((((((((.(((((.((((.((.(((..........))).)).)))).))))).))))))))))))).))).,"Cytoplasm,Nucleus,Exosome"
hsa-mir-195,AGCUUCCCUGGCUCUAGCAGCACAGAAAUAUUGGCACAGGGAAGCGAGUCUGCCAAUAUUGGCUGUGCUGCUCCAGGCAGGGUGGUG,.(((.(((((.((..((((((((((.(((((((((..(((........))))))))))))..))))))))))..)).))))).))).,"Cytoplasm,Nucleus,Microvesicle"
hsa-mir-155,CUGUUAAUGCUAAUCGUGAUAGGGGUUUUUGCCUCCAACUGACUCCUACAUAUUAGCAUUAACAG,((((((((((((((.(((.((((((((.(((....)))..))))))))))))))))))))))))),"Nucleus,Exosome,Microvesicle"
hsa-mir-181b-2,CUGAUGGCUGCACUCAACAUUCAUUGCUGUCGGUGGGUUUGAGUCUGAAUCAACUCACUGAUCAAUGAAUGCAAACUGCGGACCAAACA,....((((((((.....(((((((((..(((((((((.((((.......)))))))))))))))))))))).....))))).)))....,"Cytoplasm,Nucleus,Exosome"
hsa-mir-128-2,UGUGCAGUGGGAAGGGGGGCCGAUACACUGUACGAGAGUGAGUAGCAGGUCUCACAGUGAACCGGUCUCUUUCCCUACUGUGUC,...((((((((.((((((((((...((((((..((((.(........).))))))))))...)))))))))).))))))))...,"Cytoplasm,Nucleus,Exosome"
hsa-mir-29c,AUCUCUUACACAGGCUGACCGAUUUCUCCUGGUGUUCAGAGUCUGUUUUUGUCUAGCACCAUUUGAAAUCGGUUAUGAUGUAGGGGGA,..((((((((((...(((((((((((...(((((((.(((...........))))))))))...))))))))))))).))))))))..,"Cytoplasm,Nucleus,Exosome"
hsa-mir-30c-1,ACCAUGCUGUAGUGUGUGUAAACAUCCUACACUCUCAGCUGUGAGCUCAAGGUGGCUGGGAGAGGGUUGUUUACUCCUUCUGCCAUGGA,.(((((..((((.....(((((((.(((...(((((((((....(((...)))))))))))).))).))))))).....))))))))).,"Cytoplasm,Nucleus,Exosome"
hsa-mir-101-2,ACUGUCCUUUUUCGGUUAUCAUGGUACCGAUGCUGUAUAUCUGAAAGGUACAGUACUGUGAUAACUGAAGAAUGGUGGU,((((.((((((((((((((((((((((.(.((((............))))).)))))))))))))))))))).)))))),"Cytoplasm,Nucleus,Exosome"
hsa-mir-34c,AGUCUAGUUACUAGGCAGUGUAGUUAGCUGAUUGCUAAUAGUACCAAUCACUAACCACACGGCCAGGUAAAAAGAUU,.((((..(((((.(((.((((.(((((.((((((.((....)).))))))))))).)))).))).)))))..)))).,"Cytoplasm,Nucleus,Exosome"
hsa-mir-130b,GGCCUGCCCGACACUCUUUCCCUGUUGCACUACUAUAGGCCGCUGGGAAGCAGUGCAAUGAUGAAAGGGCAUCGGUCAGGUC,((((((.((((..(((((((...((((((((.((.(((....)))...)).))))))))...)))))))..)))).)))))),"Cytoplasm,Nucleus,Exosome"
hsa-mir-374a,UACAUCGGCCAUUAUAAUACAACCUGAUAAGUGUUAUAGCACUUAUCAGAUUGUAUUGUAAUUGUCUGUGUA,(((((.(((.((((((((((((.(((((((((((....))))))))))).)))))))))))).))).))))),"Cytoplasm,Nucleus,Microvesicle"
hsa-mir-378a,AGGGCUCCUGACUCCAGGUCCUGUGUGUUACCUAGAAAUAGCACUGGACUUGGAGUCAGAAGGCCU,(((.((.((((((((((((((.((((..(........)..)))).)))))))))))))).)).))),"Cytoplasm,Nucleus,Exosome"
hsa-mir-330,CUUUGGCGAUCACUGCCUCUCUGGGCCUGUGUCUUAGGCUCUGCAAGAUCAACCGAGCAAAGCACACGGCCUGCAGAGAGGCAGCGCUCUGCCC,....(((((.(.(((((((((((((((((((.(((..((((.............)))).))))))).))))..))))))))))).).)).))).,"Cytoplasm,Nucleus,Exosome"
hsa-mir-342,GAAACUGGGCUCAAGGUGAGGGGUGCUAUCUGUGAUUGAGGGACAUGGUUAAUGGAAUUGUCUCACACAGAAAUCGCACCCGUCACCUUGGCCUACUUA,.....(((((.((((((((.((((((..((((((..(((((..(((.....)))......)))))))))))....)))))).)))))))))))))....,"Cytoplasm,Nucleus,Microvesicle"
hsa-mir-135b,CACUCUGCUGUGGCCUAUGGCUUUUCAUUCCUAUGUGAUUGCUGUCCCAAACUCAUGUAGGGCUAAAAGCCAUGGGCUACAGUGAGGGGCGAGCUCC,..(((((((((((((((((((((((...(((((((((((((......)))..))))))))))..))))))))))))))))))).)))).........,"Cytoplasm,Nucleus,Microvesicle"
hsa-mir-331,GAGUUUGGUUUUGUUUGGGUUUGUUCUAGGUAUGGUCCCAGGGAUCCCAGAUCAAACCAGGCCCCUGGGCCUAUCCUAGAACCAACCUAAGCUC,............(((((((((.((((((((.((((.(((((((...((...........)).))))))).)))))))))))).)))))))))..,"Cytoplasm,Nucleus,Microvesicle"
hsa-mir-324,CUGACUAUGCCUCCCCGCAUCCCCUAGGGCAUUGGUGUAAAGCUGGAGACCCACUGCCCCAGGUGCUGCUGGGGGUUGUAGUC,..(((((((.(((((.(((.(.(((.(((((.(((.((..........))))).))))).))).).))).))))).))))))),"Cytoplasm,Nucleus,Exosome"
hsa-mir-196b,ACUGGUCGGUGAUUUAGGUAGUUUCCUGUUGUUGGGAUCCACCUUUCUCUCGACAGCACGACACUGCCUUCAUUACUUCAGUUG,(((((..((((((..(((((((.((.(((((((((((..........))))))))))).)).)))))))..)))))))))))..,"Cytoplasm,Nucleus,Microvesicle"
hsa-mir-425,GAAAGCGCUUUGGAAUGACACGAUCACUCCCGUUGAGUGGGCACCCGAGAAGCCAUCGGGAAUGUCGUGUCCGCCCAGUGCUCUUUC,(((((.((.((((...(((((((.((.(((((....((((............))))))))).)))))))))...)))).)).))))),"Cytoplasm,Nucleus,Exosome"
hsa-mir-429,CGCCGGCCGAUGGGCGUCUUACCAGACAUGGUUAGACCUGGCCCUCUGUCUAAUACUGUCUGGUAAAACCGUCCAUCCGCUGC,...((((.((((((((..((((((((((..(((((((..(.....).)))))))..))))))))))...)))))))).)))).,"Cytoplasm,Nucleus,Exosome"
hsa-mir-452,GCUAAGCACUUACAACUGUUUGCAGAGGAAACUGAGACUUUGUAACUAUGUCUCAGUCUCAUCUGCAAAGAAGUAAGUGCUUUGC,((.((((((((((...(.((((((((.((.((((((((...........)))))))).)).)))))))).).)))))))))).)),"Cytoplasm,Nucleus,Exosome"
hsa-mir-181d,GUCCCCUCCCCUAGGCCACAGCCGAGGUCACAAUCAACAUUCAUUGUUGUCGGUGGGUUGUGAGGACUGAGGCCAGACCCACCGGGGGAUGAAUGUCACUGUGGCUGGGCCAGACACGGCUUAAGGGGAAUGGGGAC,(((((((((((((((((...(((..(((((((....(((((((((....((((((((((.((.(........)))))))))))))..)))))))))...))))))).))).......)))))).)))))..)))))),"Cytoplasm,Nucleus,Microvesicle"
hsa-mir-502,UGCUCCCCCUCUCUAAUCCUUGCUAUCUGGGUGCUAGUGCUGGCUCAAUGCAAUGCACCUGGGCAAGGAUUCAGAGAGGGGGAGCU,.((((((((((((((((((((((...((((((((...(((.........)))..))))))))))))))))).))))))))))))).,"Cytoplasm,Nucleus,Exosome"
hsa-mir-589,UCCAGCCUGUGCCCAGCAGCCCCUGAGAACCACGUCUGCUCUGAGCUGGGUACUGCCUGUUCAGAACAAAUGCCGGUUCCCAGACGCUGCCAGCUGGCC,.((((.(((......(((((..(((.(((((.(((.((.(((((((.((......)).))))))).)).)))..))))).)))..))))))))))))..,"Cytoplasm,Nucleus,Exosome"
hsa-mir-629,UCCCUUUCCCAGGGGAGGGGCUGGGUUUACGUUGGGAGAACUUUUACGGUGAACCAGGAGGUUCUCCCAACGUAAGCCCAGCCCCUCCCCUCUGCCU,..........(((((((((((((((((((((((((((((((((((..((....)).)))))))))))))))))))))))))))))))))))......,"Cytoplasm,Nucleus,Exosome"
hsa-mir-663a,CCUUCCGGCGUCCCAGGCGGGGCGCCGCGGGACCGCCCUCGUGUCUGUGGCGGUGGGAUCCCGCGGCCGUGUUUUCCUGGUGGCCCGGCCAUG,....((((.((((((((.((.(((((((((((((((((........).))))).....))))))))).)).))..))))).))))))).....,"Cytoplasm,Nucleus,Exosome"
hsa-mir-671,GCAGGUGAACUGGCAGGCCAGGAAGAGGAGGAAGCCCUGGAGGGGCUGGAGGUGAUGGAUGUUUUCCUCCGGUUCUCAGGGCUCCACCUCUUUCGGGCCGUAGAGCCAGGGCUGGUGC,(((...(..(((((.((((.((((((((.((.(((((((..(((((((((((.((.......)).)))))))))))))))))))).)))))))).)))).....)))))..)...))),"Cytoplasm,Nucleus,Exosome"
hsa-mir-1301,GGAUUGUGGGGGGUCGCUCUAGGCACCGCAGCACUGUGCUGGGGAUGUUGCAGCUGCCUGGGAGUGACUUCACACAGUCCUC,((((((((.(((((((((((((((((.((((((((.......)).)))))).).))))))).))))))))).))))))))..,"Cytoplasm,Nucleus,Exosome"
hsa-mir-874,UUAGCCCUGCGGCCCCACGCACCAGGGUAAGAGAGACUCUCGCUUCCUGCCCUGGCCCGAGGGACCGACUGGCUGGGC,((((((...(((.(((.((..((((((((((.(((...))).))...))))))))..)).))).)))...))))))..,"Nucleus,Exosome,Microvesicle"
hsa-mir-877,GUAGAGGAGAUGGCGCAGGGGACACGGGCAAAGACUUGGGGGUUCCUGGGACCCUCAGACGUGUGUCCUCUUCUCCCUCCUCCCAG,...((((((..((.(.((((((((((.(.......((((((((((...)))))))))).).)))))))))).).))))))))....,"Cytoplasm,Nucleus,Exosome"
hsa-mir-374b,ACUCGGAUGGAUAUAAUACAACCUGCUAAGUGUCCUAGCACUUAGCAGGUUGUAUUAUCAUUGUCCGUGUCU,((.(((((((..(((((((((((((((((((((....)))))))))))))))))))))..))))))).))..,"Cytoplasm,Nucleus,Microvesicle"
hsa-mir-940,GUGAGGUGUGGGCCCGGCCCCAGGAGCGGGGCCUGGGCAGCCCCGUGUGUUGAGGAAGGAAGGCAGGGCCCCCGCUCCCCGGGCCUGACCCCAC,(((.(((..((((((((.....((((((((((((.(.(..((((.........))..))..).).))))))).))))))))))))).))).))),"Cytoplasm,Nucleus,Exosome"
hsa-mir-1226,GUGAGGGCAUGCAGGCCUGGAUGGGGCAGCUGGGAUGGUCCAAAAGGGUGGCCUCACCAGCCCUGUGUUCCCUAG,...((((.(((((((.((((.((((((.((((((....)))).....)).)))))))))).))))))).))))..,"Cytoplasm,Nucleus,Exosome"
hsa-mir-1285-1,UGUAGAGAUAGGAUCUCACUUUGUUGCCCAGGCUGGUCUCAAACUCCUGGUCUGGGCAACAAAGUGAGACCUUAUCUCUACAAG,((((((((((((.(((((((((((((((((((((((..........))))))))))))))))))))))).))))))))))))..,"Cytoplasm,Nucleus,Microvesicle"
hsa-mir-1268a,UAGCCGGGCGUGGUGGUGGGGGCCUGUGGUCCCAGCUACUUUGGAGGCUGAG,(((((...((.((((((.((((((...)))))).)))))).))..)))))..,"Cytoplasm,Nucleus,Exosome"
hsa-mir-1307,CAUCAAGACCCAGCUGAGUCACUGUCACUGCCUACCAAUCUCGACCGGACCUCGACCGGCUCGUCUGUGUUGCCAAUCGACUCGGCGUGGCGUCGGUCGUGGUAGAUAGGCGGUCAUGCAUACGAAUUUUCAGCUCUUGUUCUGGUGAC,(((((.(((..(((((((((..(((.((((((((.(.(((.(((((((.((.((.((((.(((..((......))..))).)))))).))..))))))).))).).))))))))...)))...))...)))))))...))).)))))..,"Cytoplasm,Nucleus,Exosome"
hsa-mir-21,UGUCGGGUAGCUUAUCAGACUGAUGUUGACUGUUGAAUCUCAUGGCAACACCAGUCGAUGGGCUGUCUGACA,((((((((((((((((.(((((.(((((.(((.(((...))))))))))).))))))))))))))))))))),"Cytoplasm,Nucleus,Exosome,Microvesicle"
hsa-mir-23a,GGCCGGCUGGGGUUCCUGGGGAUGGGAUUUGCUUCCUGUCACAAAUCACAUUGCCAGGGAUUUCCAACCGACC,((.(((.((((((((((((.((((.((((((..........)))))).)))).))))))))).))).))).)),"Cytoplasm,Nucleus,Exosome,Microvesicle"
hsa-mir-99a,CCCAUUGGCAUAAACCCGUAGAUCCGAUCUUGUGGUGAAGUGGACCGCACAAGCUCGCUUCUAUGGGUCUGUGUCAGUGUG,..((((((((((.(((((((((..(((.(((((.(((........)))))))).)))..))))))))).))))))))))..,"Cytoplasm,Nucleus,Exosome,Microvesicle"
hsa-mir-30d,GUUGUUGUAAACAUCCCCGACUGGAAGCUGUAAGACACAGCUAAGCUUUCAGUCAGAUGUUUGCUGCUAC,...((.(((((((((...(((((((((((..............))))))))))).))))))))).))...,"Cytoplasm,Nucleus,Exosome,Microvesicle"
hsa-mir-221,UGAACAUCCAGGUCUGGGGCAUGAACCUGGCAUACAAUGUAGAUUUCUGUGUUCGUUAGGCAACAGCUACAUUGUCUGCUGGGUUUCAGGCUACCUGGAAACAUGUUCUC,.((((((((((((....(((.(((((((((((.(((((((((....(((((((.....)))).)))))))))))).))))))))).)).))))))))))....)))))..,"Cytoplasm,Nucleus,Exosome,Microvesicle"
hsa-mir-15b,UUGAGGCCUUAAAGUACUGUAGCAGCACAUCAUGGUUUACAUGCUACAGUCAAGAUGCGAAUCAUUAUUUGCUGCUCUAGAAAUUUAAGGAAAUUCAU,.((((.(((((((...(((.(((((((.((.(((((((.(((.((.......))))).))))))).)).))))))).)))...)))))))...)))).,"Cytoplasm,Nucleus,Exosome,Microvesicle"
hsa-mir-27b,ACCUCUCUAACAAGGUGCAGAGCUUAGCUGAUUGGUGAACAGUGAUUGGUUUCCGCUUUGUUCACAGUGGCUAAGUUCUGCACCUGAAGAGAAGGUG,((((((((....(((((((((((((((((.(((.((((((((....(((...)))..))))))))))))))))))))))))))))..))))).))).,"Cytoplasm,Nucleus,Exosome,Microvesicle"
hsa-mir-140,UGUGUCUCUCUCUGUGUCCUGCCAGUGGUUUUACCCUAUGGUAGGUUACGUCAUGCUGUUCUACCACAGGGUAGAACCACGGACAGGAUACCGGGGCACC,.(((((((.....((((((((((.(((((((((((((.(((((((.((.((...)))).))))))).))))))))))))))).)))))))).))))))).,"Cytoplasm,Nucleus,Exosome,Microvesicle"
hsa-mir-125a,UGCCAGUCUCUAGGUCCCUGAGACCCUUUAACCUGUGAGGACAUCCAGGGUCACAGGUGAGGUUCUUGGGAGCCUGGCGUCUGGCC,.(((((.(.((((((.(((((((.((((..((((((((((....))....)))))))))))).))))))).)))))).).))))).,"Cytoplasm,Nucleus,Exosome,Microvesicle"
hsa-mir-146a,CCGAUGUGUAUCCUCAGCUUUGAGAACUGAAUUCCAUGGGUUGUGUCAGUGUCAGACCUCUGAAAUUCAGUUCUUCAGCUGGGAUAUCUCUGUCAUCGU,.(((((.((((((.(((((..((((((((((((.((.(((((.((.......))))))).)).)))))))))))).)))))))))))......))))).,"Cytoplasm,Nucleus,Exosome,Microvesicle"
hsa-mir-106b,CCUGCCGGGGCUAAAGUGCUGACAGUGCAGAUAGUGGUCCUCUCCGUGCUACCGCACUGUGGGUACUUGCUGCUCCAGCAGG,(((((.(((((..(((((((.(((((((.(.((((((......))..))))).))))))).)))))))...))))).))))),"Cytoplasm,Nucleus,Exosome,Microvesicle"
hsa-mir-340,UUGUACCUGGUGUGAUUAUAAAGCAAUGAGACUGAUUGUCAUAUGUCGUUUGUGGGAUCCGUCUCAGUUACUUUAUAGCCAUACCUGGUAUCUUA,..(((((.((((((.((((((((...((((((.((((.(((((.......))))))))).))))))....)))))))).)))))).)))))....,"Cytoplasm,Nucleus,Exosome,Microvesicle"
hsa-mir-151a,UUUCCUGCCCUCGAGGAGCUCACAGUCUAGUAUGUCUCAUCCCCUACUAGACUGAAGCUCCUUGAGGACAGGGAUGGUCAUACUCACCUC,.((((((.((((((((((((..((((((((((.(........).)))))))))).)))))))))))).)))))).(((.......)))..,"Cytoplasm,Nucleus,Exosome,Microvesicle"
hsa-mir-345,ACCCAAACCCUAGGUCUGCUGACUCCUAGUCCAGGGCUCGUGAUGGCUGGUGGGCCCUGAACGAGGGGUCUGGAGGCCUGGGUUUGAAUAUCGACAGC,...(((((((.((((((.(.(((((((.((.((((((((((........)))))))))).)).))))))).).)))))))))))))............,"Cytoplasm,Nucleus,Exosome,Microvesicle"
hsa-mir-423,AUAAAGGAAGUUAGGCUGAGGGGCAGAGAGCGAGACUUUUCUAUUUUCCAAAAGCUCGGUCUGAGGCCCCUCAGUCUUGCUUCCUAACCCGCGC,....(((((((.((((((((((((..(((.((((.(((((.........))))))))).)))...)))))))))))).))))))).........,"Cytoplasm,Nucleus,Exosome,Microvesicle"
hsa-mir-484,AGCCUCGUCAGGCUCAGUCCCCUCCCGAUAAACCCCUAAAUAGGGACUUUCCCGGGGGGUGACCCUGGCUUUUUUGGCG,.(((..((((((....(((.(((((((..(((.((((....))))..)))..))))))).)))))))))......))).,"Cytoplasm,Nucleus,Exosome,Microvesicle"
hsa-mir-486-1,GCAUCCUGUACUGAGCUGCCCCGAGGCCCUUCAUGCUGCCCAGCUCGGGGCAGCUCAGUACAGGAUAC,..(((((((((((((((((((((((..................)))))))))))))))))))))))..,"Cytoplasm,Nucleus,Exosome,Microvesicle"
hsa-mir-146b,CCUGGCACUGAGAACUGAAUUCCAUAGGCUGUGAGCUCUAGCAAUGCCCUGUGGACUCAGUUCUGGUGCCCGG,((.((((((.((((((((..(((((((((..((........))..))).)))))).)))))))))))))).)),"Cytoplasm,Nucleus,Exosome,Microvesicle"
hsa-mir-532,CGACUUGCUUUCUCUCCUCCAUGCCUUGAGUGUAGGACCGUUGGCAUCUUAAUUACCCUCCCACACCCAAGGCUUGCAGAAGAGCGAGCCU,......((((.((((.((.((.((((((.((((.(((..((.............))..))).)))).)))))).)).)).)))).))))..,"Cytoplasm,Nucleus,Exosome,Microvesicle"
hsa-mir-92b,CGGGCCCCGGGCGGGCGGGAGGGACGGGACGCGGUGCAGUGUUGUUUUUUCCCCCGCCAAUAUUGCACUCGUCCCGGCCUCCGGCCCCCCCGGCCC,.(((((..(((.((((.(((((..(((((((.((((((((((((.............))))))))))))))))))).))))).))))))).))))),"Cytoplasm,Nucleus,Exosome,Microvesicle"
hsa-mir-574,GGGACCUGCGUGGGUGCGGGCGUGUGAGUGUGUGUGUGUGAGUGUGUGUCGCUCCGGGUCCACGCUCAUGCACACACCCACACGCCCACACUCAGG,........(.((((((.(((((((((.(.(((((((((((((((((.(.(.(...).).)))))))))))))))))))))))))))).)))))).),"Cytoplasm,Nucleus,Exosome,Microvesicle"
hsa-mir-1246,UGUAUCCUUGAAUGGAUUUUUGGAGCAGGAGUGGACACCUGACCCAAAGGAAAUCAAUCCAUAGGCUAGCAAU,(((..(((...((((((((((((..((((........))))..))))).......))))))))))...)))..,"Cytoplasm,Nucleus,Exosome,Microvesicle"
